sec_code,sec_name,announcement_id,announcement_title,announcement_date,doc_type,pdf_url,download_status,pdf_file,txt_file,section_status,section_file,section_start_char,section_end_char,full_text_chars,tech_text_chars,tech_text_compact_chars,chunk_count,source_run_name,section_extraction_method,ocr_pdf_start_page,ocr_pdf_end_page,ocr_dpi,source_chunk_count,token_mode,max_units,tech_text_token_proxy,chunk_count_token_proxy,source_section_file,normalization_mode,tokenizer,max_tokens,tech_text_glm4_tokens,lnN_tech_glm4,year,source_dir,source_shard
688559,海目星,1208358657,首次公开发行股票并在科创板上市招股说明书,2020-09-01,final_prospectus,https://static.cninfo.com.cn/finalpage/2020-09-01/1208358657.PDF,ok,data/raw/cninfo_ipo_prospectus_star_batch003_20260630/raw_pdf/2020-09-01_688559_海目星_1208358657_首次公开发行股票并在科创板上市招股说明书.pdf,data/raw/cninfo_ipo_prospectus_star_batch003_20260630/text/2020-09-01_688559_海目星_1208358657_首次公开发行股票并在科创板上市招股说明书.txt,ok,results/glm4_dewrap_rechunk_trial_20260705/dewrap_join/business_technology_text/688559_1208358657_business_technology.txt,99193.0,221490.0,662607,111479,102803,18,star_token_proxy_150_20260630,,,,,14.0,glm4_dewrap_join,4000.0,68189,14.0,results/star_token_proxy_250_late50_20260702/business_technology_text/688559_1208358657_business_technology.txt,dewrap_join,THUDM/glm-4-9b-chat-hf,4000,68189,11.13003854050029,2020.0,glm4_dewrap_join_full543_20260705,siliconflow_glm4_32b_table2_next100_after200_shard1_20260708
688551,科威尔,1208379307,首次公开发行股票并在科创板上市招股说明书,2020-09-03,final_prospectus,https://static.cninfo.com.cn/finalpage/2020-09-03/1208379307.PDF,ok,data/raw/cninfo_ipo_prospectus_star_batch003_20260630/raw_pdf/2020-09-03_688551_科威尔_1208379307_首次公开发行股票并在科创板上市招股说明书.pdf,data/raw/cninfo_ipo_prospectus_star_batch003_20260630/text/2020-09-03_688551_科威尔_1208379307_首次公开发行股票并在科创板上市招股说明书.txt,ok,results/glm4_dewrap_rechunk_trial_20260705/dewrap_join/business_technology_text/688551_1208379307_business_technology.txt,71667.0,191932.0,604671,108369,101453,16,star_token_proxy_150_20260630,,,,,14.0,glm4_dewrap_join,4000.0,63263,14.0,results/star_token_proxy_250_late50_20260702/business_technology_text/688551_1208379307_business_technology.txt,dewrap_join,THUDM/glm-4-9b-chat-hf,4000,63263,11.055055919067469,2020.0,glm4_dewrap_join_full543_20260705,siliconflow_glm4_32b_table2_next100_after200_shard1_20260708
688577,浙海德曼,1208419956,首次公开发行股票并在科创板上市招股说明书,2020-09-10,final_prospectus,https://static.cninfo.com.cn/finalpage/2020-09-10/1208419956.PDF,ok,data/raw/cninfo_ipo_prospectus_star_batch003_20260630/raw_pdf/2020-09-10_688577_浙海德曼_1208419956_首次公开发行股票并在科创板上市招股说明书.pdf,data/raw/cninfo_ipo_prospectus_star_batch003_20260630/text/2020-09-10_688577_浙海德曼_1208419956_首次公开发行股票并在科创板上市招股说明书.txt,ok,results/glm4_dewrap_rechunk_trial_20260705/dewrap_join/business_technology_text/688577_1208419956_business_technology.txt,80244.0,191416.0,572549,101169,93871,16,star_token_proxy_150_20260630,,,,,13.0,glm4_dewrap_join,4000.0,60671,13.0,results/star_token_proxy_250_late50_20260702/business_technology_text/688577_1208419956_business_technology.txt,dewrap_join,THUDM/glm-4-9b-chat-hf,4000,60671,11.013221103411352,2020.0,glm4_dewrap_join_full543_20260705,siliconflow_glm4_32b_table2_next100_after200_shard1_20260708
688127,蓝特光学,1208445117,首次公开发行股票并在科创板上市招股说明书,2020-09-16,final_prospectus,https://static.cninfo.com.cn/finalpage/2020-09-16/1208445117.PDF,ok,data/raw/cninfo_ipo_prospectus_star_batch004_20260701/raw_pdf/2020-09-16_688127_蓝特光学_1208445117_首次公开发行股票并在科创板上市招股说明书.pdf,data/raw/cninfo_ipo_prospectus_star_batch004_20260701/text/2020-09-16_688127_蓝特光学_1208445117_首次公开发行股票并在科创板上市招股说明书.txt,ok,results/glm4_dewrap_rechunk_trial_20260705/dewrap_join/business_technology_text/688127_1208445117_business_technology.txt,78368.0,175953.0,588657,89862,84148,14,star_batch004_20260701,,,,,26.0,glm4_dewrap_join,4000.0,53425,11.0,results/star_token_proxy_250_late50_20260702/business_technology_text/688127_1208445117_business_technology.txt,dewrap_join,THUDM/glm-4-9b-chat-hf,4000,53425,10.886034080187349,2020.0,glm4_dewrap_join_full543_20260705,siliconflow_glm4_32b_table2_next100_after200_shard1_20260708
688536,思瑞浦,1208436947,首次公开发行股票并在科创板上市招股说明书,2020-09-15,final_prospectus,https://static.cninfo.com.cn/finalpage/2020-09-15/1208436947.PDF,ok,data/raw/cninfo_ipo_prospectus_star_batch004_20260701/raw_pdf/2020-09-15_688536_思瑞浦_1208436947_首次公开发行股票并在科创板上市招股说明书.pdf,data/raw/cninfo_ipo_prospectus_star_batch004_20260701/text/2020-09-15_688536_思瑞浦_1208436947_首次公开发行股票并在科创板上市招股说明书.txt,ok,results/glm4_dewrap_rechunk_trial_20260705/dewrap_join/business_technology_text/688536_1208436947_business_technology.txt,82958.0,151118.0,495793,61557,57098,10,star_batch004_20260701,,,,,18.0,glm4_dewrap_join,4000.0,35875,8.0,results/star_token_proxy_250_late50_20260702/business_technology_text/688536_1208436947_business_technology.txt,dewrap_join,THUDM/glm-4-9b-chat-hf,4000,35875,10.487795953061925,2020.0,glm4_dewrap_join_full543_20260705,siliconflow_glm4_32b_table2_next100_after200_shard1_20260708
688156,路德环境,1208445081,首次公开发行股票并在科创板上市招股说明书,2020-09-16,final_prospectus,https://static.cninfo.com.cn/finalpage/2020-09-16/1208445081.PDF,ok,data/raw/cninfo_ipo_prospectus_star_batch004_20260701/raw_pdf/2020-09-16_688156_路德环境_1208445081_首次公开发行股票并在科创板上市招股说明书.pdf,data/raw/cninfo_ipo_prospectus_star_batch004_20260701/text/2020-09-16_688156_路德环境_1208445081_首次公开发行股票并在科创板上市招股说明书.txt,ok,results/glm4_dewrap_rechunk_trial_20260705/dewrap_join/business_technology_text/688156_1208445081_business_technology.txt,94258.0,208234.0,621463,103314,97573,17,star_batch004_20260701,,,,,32.0,glm4_dewrap_join,4000.0,64981,14.0,results/star_token_proxy_250_late50_20260702/business_technology_text/688156_1208445081_business_technology.txt,dewrap_join,THUDM/glm-4-9b-chat-hf,4000,64981,11.081850198455246,2020.0,glm4_dewrap_join_full543_20260705,siliconflow_glm4_32b_table2_next100_after200_shard1_20260708
688526,科前生物,1208450303,首次公开发行股票并在科创板上市招股说明书,2020-09-17,final_prospectus,https://static.cninfo.com.cn/finalpage/2020-09-17/1208450303.PDF,ok,data/raw/cninfo_ipo_prospectus_star_batch004_20260701/raw_pdf/2020-09-17_688526_科前生物_1208450303_首次公开发行股票并在科创板上市招股说明书.pdf,data/raw/cninfo_ipo_prospectus_star_batch004_20260701/text/2020-09-17_688526_科前生物_1208450303_首次公开发行股票并在科创板上市招股说明书.txt,ok,results/glm4_dewrap_rechunk_trial_20260705/dewrap_join/business_technology_text/688526_1208450303_business_technology.txt,84261.0,247381.0,775697,144597,132364,24,star_batch004_20260701,,,,,43.0,glm4_dewrap_join,4000.0,91277,18.0,results/star_token_proxy_250_late50_20260702/business_technology_text/688526_1208450303_business_technology.txt,dewrap_join,THUDM/glm-4-9b-chat-hf,4000,91277,11.421654118088762,2020.0,glm4_dewrap_join_full543_20260705,siliconflow_glm4_32b_table2_next100_after200_shard1_20260708
688013,天臣医疗,1208474196,首次公开发行股票并在科创板上市招股说明书,2020-09-23,final_prospectus,https://static.cninfo.com.cn/finalpage/2020-09-23/1208474196.PDF,ok,data/raw/cninfo_ipo_prospectus_star_batch004_20260701/raw_pdf/2020-09-23_688013_天臣医疗_1208474196_首次公开发行股票并在科创板上市招股说明书.pdf,data/raw/cninfo_ipo_prospectus_star_batch004_20260701/text/2020-09-23_688013_天臣医疗_1208474196_首次公开发行股票并在科创板上市招股说明书.txt,ok,results/glm4_dewrap_rechunk_trial_20260705/dewrap_join/business_technology_text/688013_1208474196_business_technology.txt,66548.0,197045.0,584514,118649,109385,18,star_batch004_20260701,,,,,36.0,glm4_dewrap_join,4000.0,66741,15.0,results/star_token_proxy_250_late50_20260702/business_technology_text/688013_1208474196_business_technology.txt,dewrap_join,THUDM/glm-4-9b-chat-hf,4000,66741,11.108574735711244,2020.0,glm4_dewrap_join_full543_20260705,siliconflow_glm4_32b_table2_next100_after200_shard1_20260708
688585,上纬新材,1208474233,首次公开发行股票并在科创板上市招股说明书,2020-09-23,final_prospectus,https://static.cninfo.com.cn/finalpage/2020-09-23/1208474233.PDF,ok,data/raw/cninfo_ipo_prospectus_star_batch004_20260701/raw_pdf/2020-09-23_688585_上纬新材_1208474233_首次公开发行股票并在科创板上市招股说明书.pdf,data/raw/cninfo_ipo_prospectus_star_batch004_20260701/text/2020-09-23_688585_上纬新材_1208474233_首次公开发行股票并在科创板上市招股说明书.txt,ok,results/glm4_dewrap_rechunk_trial_20260705/dewrap_join/business_technology_text/688585_1208474233_business_technology.txt,88029.0,225465.0,776763,124711,115869,20,star_batch004_20260701,,,,,38.0,glm4_dewrap_join,4000.0,75204,16.0,results/star_token_proxy_250_late50_20260702/business_technology_text/688585_1208474233_business_technology.txt,dewrap_join,THUDM/glm-4-9b-chat-hf,4000,75204,11.227959700012676,2020.0,glm4_dewrap_join_full543_20260705,siliconflow_glm4_32b_table2_next100_after200_shard1_20260708
688093,世华科技,1208486409,首次公开发行股票并在科创板上市招股说明书,2020-09-24,final_prospectus,https://static.cninfo.com.cn/finalpage/2020-09-24/1208486409.PDF,ok,data/raw/cninfo_ipo_prospectus_star_batch004_20260701/raw_pdf/2020-09-24_688093_世华科技_1208486409_首次公开发行股票并在科创板上市招股说明书.pdf,data/raw/cninfo_ipo_prospectus_star_batch004_20260701/text/2020-09-24_688093_世华科技_1208486409_首次公开发行股票并在科创板上市招股说明书.txt,ok,results/glm4_dewrap_rechunk_trial_20260705/dewrap_join/business_technology_text/688093_1208486409_business_technology.txt,72855.0,194061.0,514802,111067,104852,17,star_batch004_20260701,,,,,33.0,glm4_dewrap_join,4000.0,63998,14.0,results/star_token_proxy_250_late50_20260702/business_technology_text/688093_1208486409_business_technology.txt,dewrap_join,THUDM/glm-4-9b-chat-hf,4000,63998,11.066607111853518,2020.0,glm4_dewrap_join_full543_20260705,siliconflow_glm4_32b_table2_next100_after200_shard1_20260708
688330,宏力达,1208514506,首次公开发行股票并在科创板上市招股说明书,2020-09-30,final_prospectus,https://static.cninfo.com.cn/finalpage/2020-09-30/1208514506.PDF,ok,data/raw/cninfo_ipo_prospectus_star_batch004_20260701/raw_pdf/2020-09-30_688330_宏力达_1208514506_首次公开发行股票并在科创板上市招股说明书.pdf,data/raw/cninfo_ipo_prospectus_star_batch004_20260701/text/2020-09-30_688330_宏力达_1208514506_首次公开发行股票并在科创板上市招股说明书.txt,ok,results/glm4_dewrap_rechunk_trial_20260705/dewrap_join/business_technology_text/688330_1208514506_business_technology.txt,84207.0,208845.0,649215,113690,104676,18,star_batch004_20260701,,,,,34.0,glm4_dewrap_join,4000.0,69214,14.0,results/star_token_proxy_250_late50_20260702/business_technology_text/688330_1208514506_business_technology.txt,dewrap_join,THUDM/glm-4-9b-chat-hf,4000,69214,11.144958433282149,2020.0,glm4_dewrap_join_full543_20260705,siliconflow_glm4_32b_table2_next100_after200_shard1_20260708
688386,泛亚微透,1208539239,首次公开发行股票并在科创板上市招股说明书,2020-10-13,final_prospectus,https://static.cninfo.com.cn/finalpage/2020-10-13/1208539239.PDF,ok,data/raw/cninfo_ipo_prospectus_star_batch004_20260701/raw_pdf/2020-10-13_688386_泛亚微透_1208539239_首次公开发行股票并在科创板上市招股说明书.pdf,data/raw/cninfo_ipo_prospectus_star_batch004_20260701/text/2020-10-13_688386_泛亚微透_1208539239_首次公开发行股票并在科创板上市招股说明书.txt,ok,results/glm4_dewrap_rechunk_trial_20260705/dewrap_join/business_technology_text/688386_1208539239_business_technology.txt,57084.0,158561.0,569021,91212,84158,16,star_batch004_20260701,,,,,28.0,glm4_dewrap_join,4000.0,58130,12.0,results/star_token_proxy_250_late50_20260702/business_technology_text/688386_1208539239_business_technology.txt,dewrap_join,THUDM/glm-4-9b-chat-hf,4000,58130,10.970437160695395,2020.0,glm4_dewrap_join_full543_20260705,siliconflow_glm4_32b_table2_next100_after200_shard1_20260708
688788,科思科技,1208563318,首次公开发行股票并在科创板上市招股说明书,2020-10-15,final_prospectus,https://static.cninfo.com.cn/finalpage/2020-10-15/1208563318.PDF,ok,data/raw/cninfo_ipo_prospectus_star_batch004_20260701/raw_pdf/2020-10-15_688788_科思科技_1208563318_首次公开发行股票并在科创板上市招股说明书.pdf,data/raw/cninfo_ipo_prospectus_star_batch004_20260701/text/2020-10-15_688788_科思科技_1208563318_首次公开发行股票并在科创板上市招股说明书.txt,ok,results/glm4_dewrap_rechunk_trial_20260705/dewrap_join/business_technology_text/688788_1208563318_business_technology.txt,103751.0,225363.0,664542,111600,105287,17,star_batch004_20260701,,,,,32.0,glm4_dewrap_join,4000.0,64477,14.0,results/star_token_proxy_250_late50_20260702/business_technology_text/688788_1208563318_business_technology.txt,dewrap_join,THUDM/glm-4-9b-chat-hf,4000,64477,11.074063850043547,2020.0,glm4_dewrap_join_full543_20260705,siliconflow_glm4_32b_table2_next100_after200_shard1_20260708
688129,东来技术,1208580816,首次公开发行股票并在科创板上市招股说明书,2020-10-19,final_prospectus,https://static.cninfo.com.cn/finalpage/2020-10-19/1208580816.PDF,ok,data/raw/cninfo_ipo_prospectus_star_batch004_20260701/raw_pdf/2020-10-19_688129_东来技术_1208580816_首次公开发行股票并在科创板上市招股说明书.pdf,data/raw/cninfo_ipo_prospectus_star_batch004_20260701/text/2020-10-19_688129_东来技术_1208580816_首次公开发行股票并在科创板上市招股说明书.txt,ok,results/glm4_dewrap_rechunk_trial_20260705/dewrap_join/business_technology_text/688129_1208580816_business_technology.txt,84366.0,183887.0,593296,90140,83727,15,star_batch004_20260701,,,,,26.0,glm4_dewrap_join,4000.0,55448,12.0,results/star_token_proxy_250_late50_20260702/business_technology_text/688129_1208580816_business_technology.txt,dewrap_join,THUDM/glm-4-9b-chat-hf,4000,55448,10.92320092359782,2020.0,glm4_dewrap_join_full543_20260705,siliconflow_glm4_32b_table2_next100_after200_shard1_20260708
688179,阿拉丁,1208585708,首次公开发行股票并在科创板上市招股说明书,2020-10-20,final_prospectus,https://static.cninfo.com.cn/finalpage/2020-10-20/1208585708.PDF,ok,data/raw/cninfo_ipo_prospectus_star_batch004_20260701/raw_pdf/2020-10-20_688179_阿拉丁_1208585708_首次公开发行股票并在科创板上市招股说明书.pdf,data/raw/cninfo_ipo_prospectus_star_batch004_20260701/text/2020-10-20_688179_阿拉丁_1208585708_首次公开发行股票并在科创板上市招股说明书.txt,ok,results/glm4_dewrap_rechunk_trial_20260705/dewrap_join/business_technology_text/688179_1208585708_business_technology.txt,100505.0,241817.0,624873,129734,121486,20,star_batch004_20260701,,,,,38.0,glm4_dewrap_join,4000.0,76004,17.0,results/star_token_proxy_250_late50_20260702/business_technology_text/688179_1208585708_business_technology.txt,dewrap_join,THUDM/glm-4-9b-chat-hf,4000,76004,11.238541249462422,2020.0,glm4_dewrap_join_full543_20260705,siliconflow_glm4_32b_table2_next100_after200_shard1_20260708
688529,豪森股份,1208675346,首次公开发行股票并在科创板上市招股说明书,2020-11-03,final_prospectus,https://static.cninfo.com.cn/finalpage/2020-11-03/1208675346.PDF,ok,data/raw/cninfo_ipo_prospectus_star_batch004_20260701/raw_pdf/2020-11-03_688529_豪森股份_1208675346_首次公开发行股票并在科创板上市招股说明书.pdf,data/raw/cninfo_ipo_prospectus_star_batch004_20260701/text/2020-11-03_688529_豪森股份_1208675346_首次公开发行股票并在科创板上市招股说明书.txt,ok,results/glm4_dewrap_rechunk_trial_20260705/dewrap_join/business_technology_text/688529_1208675346_business_technology.txt,95138.0,230639.0,638757,122965,115293,19,star_batch004_20260701,,,,,36.0,glm4_dewrap_join,4000.0,73065,16.0,results/star_token_proxy_250_late50_20260702/business_technology_text/688529_1208675346_business_technology.txt,dewrap_join,THUDM/glm-4-9b-chat-hf,4000,73065,11.199104734908753,2020.0,glm4_dewrap_join_full543_20260705,siliconflow_glm4_32b_table2_next100_after200_shard1_20260708
688057,金达莱,1208699128,首次公开发行股票并在科创板上市招股说明书,2020-11-06,final_prospectus,https://static.cninfo.com.cn/finalpage/2020-11-06/1208699128.PDF,ok,data/raw/cninfo_ipo_prospectus_star_batch004_20260701/raw_pdf/2020-11-06_688057_金达莱_1208699128_首次公开发行股票并在科创板上市招股说明书.pdf,data/raw/cninfo_ipo_prospectus_star_batch004_20260701/text/2020-11-06_688057_金达莱_1208699128_首次公开发行股票并在科创板上市招股说明书.txt,ok,results/glm4_dewrap_rechunk_trial_20260705/dewrap_join/business_technology_text/688057_1208699128_business_technology.txt,111957.0,311173.0,1137315,176375,163004,28,star_batch004_20260701,,,,,53.0,glm4_dewrap_join,4000.0,108559,22.0,results/star_token_proxy_250_late50_20260702/business_technology_text/688057_1208699128_business_technology.txt,dewrap_join,THUDM/glm-4-9b-chat-hf,4000,108559,11.59504908297038,2020.0,glm4_dewrap_join_full543_20260705,siliconflow_glm4_32b_table2_next100_after200_shard1_20260708
688135,利扬芯片,1208691414,首次公开发行股票并在科创板上市招股说明书,2020-11-05,final_prospectus,https://static.cninfo.com.cn/finalpage/2020-11-05/1208691414.PDF,ok,data/raw/cninfo_ipo_prospectus_star_batch004_20260701/raw_pdf/2020-11-05_688135_利扬芯片_1208691414_首次公开发行股票并在科创板上市招股说明书.pdf,data/raw/cninfo_ipo_prospectus_star_batch004_20260701/text/2020-11-05_688135_利扬芯片_1208691414_首次公开发行股票并在科创板上市招股说明书.txt,ok,results/glm4_dewrap_rechunk_trial_20260705/dewrap_join/business_technology_text/688135_1208691414_business_technology.txt,91855.0,182087.0,633487,82338,76507,13,star_batch004_20260701,,,,,24.0,glm4_dewrap_join,4000.0,48245,11.0,results/star_token_proxy_250_late50_20260702/business_technology_text/688135_1208691414_business_technology.txt,dewrap_join,THUDM/glm-4-9b-chat-hf,4000,48245,10.784047474454484,2020.0,glm4_dewrap_join_full543_20260705,siliconflow_glm4_32b_table2_next100_after200_shard1_20260708
688160,步科股份,1208699109,首次公开发行股票并在科创板上市招股说明书,2020-11-06,final_prospectus,https://static.cninfo.com.cn/finalpage/2020-11-06/1208699109.PDF,ok,data/raw/cninfo_ipo_prospectus_star_batch004_20260701/raw_pdf/2020-11-06_688160_步科股份_1208699109_首次公开发行股票并在科创板上市招股说明书.pdf,data/raw/cninfo_ipo_prospectus_star_batch004_20260701/text/2020-11-06_688160_步科股份_1208699109_首次公开发行股票并在科创板上市招股说明书.txt,ok,results/glm4_dewrap_rechunk_trial_20260705/dewrap_join/business_technology_text/688160_1208699109_business_technology.txt,66239.0,150244.0,528944,77934,70827,12,star_batch004_20260701,,,,,22.0,glm4_dewrap_join,4000.0,45479,10.0,results/star_token_proxy_250_late50_20260702/business_technology_text/688160_1208699109_business_technology.txt,dewrap_join,THUDM/glm-4-9b-chat-hf,4000,45479,10.725005959935844,2020.0,glm4_dewrap_join_full543_20260705,siliconflow_glm4_32b_table2_next100_after200_shard1_20260708
688219,会通股份,1208714521,首次公开发行股票并在科创板上市招股说明书,2020-11-10,final_prospectus,https://static.cninfo.com.cn/finalpage/2020-11-10/1208714521.PDF,ok,data/raw/cninfo_ipo_prospectus_star_batch004_20260701/raw_pdf/2020-11-10_688219_会通股份_1208714521_首次公开发行股票并在科创板上市招股说明书.pdf,data/raw/cninfo_ipo_prospectus_star_batch004_20260701/text/2020-11-10_688219_会通股份_1208714521_首次公开发行股票并在科创板上市招股说明书.txt,ok,results/glm4_dewrap_rechunk_trial_20260705/dewrap_join/business_technology_text/688219_1208714521_business_technology.txt,95779.0,188749.0,646243,83487,77299,13,star_batch004_20260701,,,,,25.0,glm4_dewrap_join,4000.0,50504,11.0,results/star_token_proxy_250_late50_20260702/business_technology_text/688219_1208714521_business_technology.txt,dewrap_join,THUDM/glm-4-9b-chat-hf,4000,50504,10.829807820047462,2020.0,glm4_dewrap_join_full543_20260705,siliconflow_glm4_32b_table2_next100_after200_shard1_20260708
688777,中控技术,1208751864,首次公开发行股票并在科创板上市招股说明书,2020-11-17,final_prospectus,https://static.cninfo.com.cn/finalpage/2020-11-17/1208751864.PDF,ok,data/raw/cninfo_ipo_prospectus_star_batch004_20260701/raw_pdf/2020-11-17_688777_中控技术_1208751864_首次公开发行股票并在科创板上市招股说明书.pdf,data/raw/cninfo_ipo_prospectus_star_batch004_20260701/text/2020-11-17_688777_中控技术_1208751864_首次公开发行股票并在科创板上市招股说明书.txt,ok,results/glm4_dewrap_rechunk_trial_20260705/dewrap_join/business_technology_text/688777_1208751864_business_technology.txt,146967.0,250093.0,964538,95466,87243,14,star_batch004_20260701,,,,,27.0,glm4_dewrap_join,4000.0,54357,12.0,results/star_token_proxy_250_late50_20260702/business_technology_text/688777_1208751864_business_technology.txt,dewrap_join,THUDM/glm-4-9b-chat-hf,4000,54357,10.903328679104217,2020.0,glm4_dewrap_join_full543_20260705,siliconflow_glm4_32b_table2_next100_after200_shard2_20260708
688557,兰剑智能,1208805654,首次公开发行股票并在科创板上市招股说明书,2020-11-27,final_prospectus,https://static.cninfo.com.cn/finalpage/2020-11-27/1208805654.PDF,ok,data/raw/cninfo_ipo_prospectus_star_batch004_20260701/raw_pdf/2020-11-27_688557_兰剑智能_1208805654_首次公开发行股票并在科创板上市招股说明书.pdf,data/raw/cninfo_ipo_prospectus_star_batch004_20260701/text/2020-11-27_688557_兰剑智能_1208805654_首次公开发行股票并在科创板上市招股说明书.txt,ok,results/glm4_dewrap_rechunk_trial_20260705/dewrap_join/business_technology_text/688557_1208805654_business_technology.txt,87884.0,219899.0,711548,120339,112949,19,star_batch004_20260701,,,,,36.0,glm4_dewrap_join,4000.0,72679,15.0,results/star_token_proxy_250_late50_20260702/business_technology_text/688557_1208805654_business_technology.txt,dewrap_join,THUDM/glm-4-9b-chat-hf,4000,72679,11.193807763472138,2020.0,glm4_dewrap_join_full543_20260705,siliconflow_glm4_32b_table2_next100_after200_shard2_20260708
688578,艾力斯,1208793559,首次公开发行股票并在科创板上市招股说明书,2020-11-25,final_prospectus,https://static.cninfo.com.cn/finalpage/2020-11-25/1208793559.PDF,ok,data/raw/cninfo_ipo_prospectus_star_batch004_20260701/raw_pdf/2020-11-25_688578_艾力斯_1208793559_首次公开发行股票并在科创板上市招股说明书.pdf,data/raw/cninfo_ipo_prospectus_star_batch004_20260701/text/2020-11-25_688578_艾力斯_1208793559_首次公开发行股票并在科创板上市招股说明书.txt,ok,results/glm4_dewrap_rechunk_trial_20260705/dewrap_join/business_technology_text/688578_1208793559_business_technology.txt,136462.0,272424.0,699058,122295,111740,20,star_batch004_20260701,,,,,37.0,glm4_dewrap_join,4000.0,74580,16.0,results/star_token_proxy_250_late50_20260702/business_technology_text/688578_1208793559_business_technology.txt,dewrap_join,THUDM/glm-4-9b-chat-hf,4000,74580,11.219627653732813,2020.0,glm4_dewrap_join_full543_20260705,siliconflow_glm4_32b_table2_next100_after200_shard2_20260708
688590,新致软件,1208820884,首次公开发行股票并在科创板上市招股说明书,2020-12-01,final_prospectus,https://static.cninfo.com.cn/finalpage/2020-12-01/1208820884.PDF,ok,data/raw/cninfo_ipo_prospectus_star_batch004_20260701/raw_pdf/2020-12-01_688590_新致软件_1208820884_首次公开发行股票并在科创板上市招股说明书.pdf,data/raw/cninfo_ipo_prospectus_star_batch004_20260701/text/2020-12-01_688590_新致软件_1208820884_首次公开发行股票并在科创板上市招股说明书.txt,ok,results/glm4_dewrap_rechunk_trial_20260705/dewrap_join/business_technology_text/688590_1208820884_business_technology.txt,116305.0,205313.0,840190,82073,76622,12,star_batch004_20260701,,,,,24.0,glm4_dewrap_join,4000.0,45531,10.0,results/star_token_proxy_250_late50_20260702/business_technology_text/688590_1208820884_business_technology.txt,dewrap_join,THUDM/glm-4-9b-chat-hf,4000,45531,10.726148691628156,2020.0,glm4_dewrap_join_full543_20260705,siliconflow_glm4_32b_table2_next100_after200_shard2_20260708
688308,欧科亿,1208859875,首次公开发行股票并在科创板上市招股说明书,2020-12-07,final_prospectus,https://static.cninfo.com.cn/finalpage/2020-12-07/1208859875.PDF,ok,data/raw/cninfo_ipo_prospectus_star_batch004_20260701/raw_pdf/2020-12-07_688308_欧科亿_1208859875_首次公开发行股票并在科创板上市招股说明书.pdf,data/raw/cninfo_ipo_prospectus_star_batch004_20260701/text/2020-12-07_688308_欧科亿_1208859875_首次公开发行股票并在科创板上市招股说明书.txt,ok,results/glm4_dewrap_rechunk_trial_20260705/dewrap_join/business_technology_text/688308_1208859875_business_technology.txt,65264.0,154889.0,596723,81266,74278,14,star_batch004_20260701,,,,,24.0,glm4_dewrap_join,4000.0,51885,10.0,results/star_token_proxy_250_late50_20260702/business_technology_text/688308_1208859875_business_technology.txt,dewrap_join,THUDM/glm-4-9b-chat-hf,4000,51885,10.85678501003938,2020.0,glm4_dewrap_join_full543_20260705,siliconflow_glm4_32b_table2_next100_after200_shard2_20260708
688571,杭华股份,1208850265,杭华油墨股份有限公司科创板首次公开发行股票招股说明书,2020-12-04,final_prospectus,https://static.cninfo.com.cn/finalpage/2020-12-04/1208850265.PDF,ok,data/raw/cninfo_ipo_prospectus_star_batch004_20260701/raw_pdf/2020-12-04_688571_杭华股份_1208850265_杭华油墨股份有限公司科创板首次公开发行股票招股说明书.pdf,data/raw/cninfo_ipo_prospectus_star_batch004_20260701/text/2020-12-04_688571_杭华股份_1208850265_杭华油墨股份有限公司科创板首次公开发行股票招股说明书.txt,ok,results/glm4_dewrap_rechunk_trial_20260705/dewrap_join/business_technology_text/688571_1208850265_business_technology.txt,75235.0,180087.0,626686,93260,86429,16,star_batch004_20260701,,,,,28.0,glm4_dewrap_join,4000.0,59023,12.0,results/star_token_proxy_250_late50_20260702/business_technology_text/688571_1208850265_business_technology.txt,dewrap_join,THUDM/glm-4-9b-chat-hf,4000,59023,10.98568247743216,2020.0,glm4_dewrap_join_full543_20260705,siliconflow_glm4_32b_table2_next100_after200_shard2_20260708
688136,科兴制药,1208859873,首次公开发行股票并在科创板上市招股说明书,2020-12-07,final_prospectus,https://static.cninfo.com.cn/finalpage/2020-12-07/1208859873.PDF,ok,data/raw/cninfo_ipo_prospectus_star_batch004_20260701/raw_pdf/2020-12-07_688136_科兴制药_1208859873_首次公开发行股票并在科创板上市招股说明书.pdf,data/raw/cninfo_ipo_prospectus_star_batch004_20260701/text/2020-12-07_688136_科兴制药_1208859873_首次公开发行股票并在科创板上市招股说明书.txt,ok,results/glm4_dewrap_rechunk_trial_20260705/dewrap_join/business_technology_text/688136_1208859873_business_technology.txt,71408.0,188928.0,561211,109343,101166,18,star_batch004_20260701,,,,,32.0,glm4_dewrap_join,4000.0,68104,13.0,results/star_token_proxy_250_late50_20260702/business_technology_text/688136_1208859873_business_technology.txt,dewrap_join,THUDM/glm-4-9b-chat-hf,4000,68104,11.128791227563893,2020.0,glm4_dewrap_join_full543_20260705,siliconflow_glm4_32b_table2_next100_after200_shard2_20260708
688510,航亚科技,1208870807,首次公开发行股票并在科创板上市招股说明书,2020-12-09,final_prospectus,https://static.cninfo.com.cn/finalpage/2020-12-09/1208870807.PDF,ok,data/raw/cninfo_ipo_prospectus_star_batch004_20260701/raw_pdf/2020-12-09_688510_航亚科技_1208870807_首次公开发行股票并在科创板上市招股说明书.pdf,data/raw/cninfo_ipo_prospectus_star_batch004_20260701/text/2020-12-09_688510_航亚科技_1208870807_首次公开发行股票并在科创板上市招股说明书.txt,ok,results/glm4_dewrap_rechunk_trial_20260705/dewrap_join/business_technology_text/688510_1208870807_business_technology.txt,81139.0,181771.0,609953,92022,86089,15,star_batch004_20260701,,,,,26.0,glm4_dewrap_join,4000.0,54407,12.0,results/star_token_proxy_250_late50_20260702/business_technology_text/688510_1208870807_business_technology.txt,dewrap_join,THUDM/glm-4-9b-chat-hf,4000,54407,10.904248101036517,2020.0,glm4_dewrap_join_full543_20260705,siliconflow_glm4_32b_table2_next100_after200_shard2_20260708
688608,恒玄科技,1208870808,首次公开发行股票并在科创板上市招股说明书,2020-12-09,final_prospectus,https://static.cninfo.com.cn/finalpage/2020-12-09/1208870808.PDF,ok,data/raw/cninfo_ipo_prospectus_star_batch004_20260701/raw_pdf/2020-12-09_688608_恒玄科技_1208870808_首次公开发行股票并在科创板上市招股说明书.pdf,data/raw/cninfo_ipo_prospectus_star_batch004_20260701/text/2020-12-09_688608_恒玄科技_1208870808_首次公开发行股票并在科创板上市招股说明书.txt,ok,results/glm4_dewrap_rechunk_trial_20260705/dewrap_join/business_technology_text/688608_1208870808_business_technology.txt,121248.0,192351.0,585092,65587,59423,10,star_batch004_20260701,,,,,19.0,glm4_dewrap_join,4000.0,37326,8.0,results/star_token_proxy_250_late50_20260702/business_technology_text/688608_1208870808_business_technology.txt,dewrap_join,THUDM/glm-4-9b-chat-hf,4000,37326,10.527445413743076,2020.0,glm4_dewrap_join_full543_20260705,siliconflow_glm4_32b_table2_next100_after200_shard2_20260708
688699,明微电子,1208896828,首次公开发行股票并在科创板上市招股说明书,2020-12-14,final_prospectus,https://static.cninfo.com.cn/finalpage/2020-12-14/1208896828.PDF,ok,data/raw/cninfo_ipo_prospectus_star_batch004_20260701/raw_pdf/2020-12-14_688699_明微电子_1208896828_首次公开发行股票并在科创板上市招股说明书.pdf,data/raw/cninfo_ipo_prospectus_star_batch004_20260701/text/2020-12-14_688699_明微电子_1208896828_首次公开发行股票并在科创板上市招股说明书.txt,ok,results/glm4_dewrap_rechunk_trial_20260705/dewrap_join/business_technology_text/688699_1208896828_business_technology.txt,61778.0,156582.0,604811,86855,79381,14,star_batch004_20260701,,,,,25.0,glm4_dewrap_join,4000.0,51557,11.0,results/star_token_proxy_250_late50_20260702/business_technology_text/688699_1208896828_business_technology.txt,dewrap_join,THUDM/glm-4-9b-chat-hf,4000,51557,10.850443270721076,2020.0,glm4_dewrap_join_full543_20260705,siliconflow_glm4_32b_table2_next100_after200_shard2_20260708
688668,鼎通科技,1208901343,首次公开发行股票并在科创板上市招股说明书,2020-12-15,final_prospectus,https://static.cninfo.com.cn/finalpage/2020-12-15/1208901343.PDF,ok,data/raw/cninfo_ipo_prospectus_star_batch004_20260701/raw_pdf/2020-12-15_688668_鼎通科技_1208901343_首次公开发行股票并在科创板上市招股说明书.pdf,data/raw/cninfo_ipo_prospectus_star_batch004_20260701/text/2020-12-15_688668_鼎通科技_1208901343_首次公开发行股票并在科创板上市招股说明书.txt,ok,results/glm4_dewrap_rechunk_trial_20260705/dewrap_join/business_technology_text/688668_1208901343_business_technology.txt,77546.0,157738.0,556317,73261,67984,12,star_batch004_20260701,,,,,22.0,glm4_dewrap_join,4000.0,43584,9.0,results/star_token_proxy_250_late50_20260702/business_technology_text/688668_1208901343_business_technology.txt,dewrap_join,THUDM/glm-4-9b-chat-hf,4000,43584,10.682445389509184,2020.0,glm4_dewrap_join_full543_20260705,siliconflow_glm4_32b_table2_next100_after200_shard2_20260708
688560,明冠新材,1208928638,首次公开发行股票并在科创板上市招股说明书,2020-12-18,final_prospectus,https://static.cninfo.com.cn/finalpage/2020-12-18/1208928638.PDF,ok,data/raw/cninfo_ipo_prospectus_star_batch004_20260701/raw_pdf/2020-12-18_688560_明冠新材_1208928638_首次公开发行股票并在科创板上市招股说明书.pdf,data/raw/cninfo_ipo_prospectus_star_batch004_20260701/text/2020-12-18_688560_明冠新材_1208928638_首次公开发行股票并在科创板上市招股说明书.txt,ok,results/glm4_dewrap_rechunk_trial_20260705/dewrap_join/business_technology_text/688560_1208928638_business_technology.txt,84833.0,174542.0,651587,81431,74293,14,star_batch004_20260701,,,,,24.0,glm4_dewrap_join,4000.0,50499,10.0,results/star_token_proxy_250_late50_20260702/business_technology_text/688560_1208928638_business_technology.txt,dewrap_join,THUDM/glm-4-9b-chat-hf,4000,50499,10.82970881308719,2020.0,glm4_dewrap_join_full543_20260705,siliconflow_glm4_32b_table2_next100_after200_shard2_20260708
688658,悦康药业,1208928643,首次公开发行股票并在科创板上市招股说明书,2020-12-18,final_prospectus,https://static.cninfo.com.cn/finalpage/2020-12-18/1208928643.PDF,ok,data/raw/cninfo_ipo_prospectus_star_batch004_20260701/raw_pdf/2020-12-18_688658_悦康药业_1208928643_首次公开发行股票并在科创板上市招股说明书.pdf,data/raw/cninfo_ipo_prospectus_star_batch004_20260701/text/2020-12-18_688658_悦康药业_1208928643_首次公开发行股票并在科创板上市招股说明书.txt,ok,results/glm4_dewrap_rechunk_trial_20260705/dewrap_join/business_technology_text/688658_1208928643_business_technology.txt,119765.0,260240.0,1057058,125946,115743,21,star_batch004_20260701,,,,,37.0,glm4_dewrap_join,4000.0,78882,16.0,results/star_token_proxy_250_late50_20260702/business_technology_text/688658_1208928643_business_technology.txt,dewrap_join,THUDM/glm-4-9b-chat-hf,4000,78882,11.27570834392466,2020.0,glm4_dewrap_join_full543_20260705,siliconflow_glm4_32b_table2_next100_after200_shard2_20260708
688679,通源环境,1208928608,首次公开发行股票并在科创板上市招股说明书,2020-12-18,final_prospectus,https://static.cninfo.com.cn/finalpage/2020-12-18/1208928608.PDF,ok,data/raw/cninfo_ipo_prospectus_star_batch004_20260701/raw_pdf/2020-12-18_688679_通源环境_1208928608_首次公开发行股票并在科创板上市招股说明书.pdf,data/raw/cninfo_ipo_prospectus_star_batch004_20260701/text/2020-12-18_688679_通源环境_1208928608_首次公开发行股票并在科创板上市招股说明书.txt,ok,results/glm4_dewrap_rechunk_trial_20260705/dewrap_join/business_technology_text/688679_1208928608_business_technology.txt,85365.0,161884.0,607274,69407,64755,11,star_batch004_20260701,,,,,21.0,glm4_dewrap_join,4000.0,41618,9.0,results/star_token_proxy_250_late50_20260702/business_technology_text/688679_1208928608_business_technology.txt,dewrap_join,THUDM/glm-4-9b-chat-hf,4000,41618,10.636288044972725,2020.0,glm4_dewrap_join_full543_20260705,siliconflow_glm4_32b_table2_next100_after200_shard2_20260708
688698,伟创电气,1208972449,首次公开发行股票并在科创板上市招股说明书,2020-12-24,final_prospectus,https://static.cninfo.com.cn/finalpage/2020-12-24/1208972449.PDF,ok,data/raw/cninfo_ipo_prospectus_star_batch004_20260701/raw_pdf/2020-12-24_688698_伟创电气_1208972449_首次公开发行股票并在科创板上市招股说明书.pdf,data/raw/cninfo_ipo_prospectus_star_batch004_20260701/text/2020-12-24_688698_伟创电气_1208972449_首次公开发行股票并在科创板上市招股说明书.txt,ok,results/glm4_dewrap_rechunk_trial_20260705/dewrap_join/business_technology_text/688698_1208972449_business_technology.txt,92382.0,200209.0,691587,97796,89579,16,star_batch004_20260701,,,,,30.0,glm4_dewrap_join,4000.0,59615,12.0,results/star_token_proxy_250_late50_20260702/business_technology_text/688698_1208972449_business_technology.txt,dewrap_join,THUDM/glm-4-9b-chat-hf,4000,59615,10.995662499240233,2020.0,glm4_dewrap_join_full543_20260705,siliconflow_glm4_32b_table2_next100_after200_shard2_20260708
688063,派能科技,1208972447,首次公开发行股票并在科创板上市招股说明书,2020-12-24,final_prospectus,https://static.cninfo.com.cn/finalpage/2020-12-24/1208972447.PDF,ok,data/raw/cninfo_ipo_prospectus_star_batch004_20260701/raw_pdf/2020-12-24_688063_派能科技_1208972447_首次公开发行股票并在科创板上市招股说明书.pdf,data/raw/cninfo_ipo_prospectus_star_batch004_20260701/text/2020-12-24_688063_派能科技_1208972447_首次公开发行股票并在科创板上市招股说明书.txt,ok,results/glm4_dewrap_rechunk_trial_20260705/dewrap_join/business_technology_text/688063_1208972447_business_technology.txt,113524.0,219185.0,740117,96393,89565,15,star_batch004_20260701,,,,,31.0,glm4_dewrap_join,4000.0,57214,12.0,results/star_token_proxy_250_late50_20260702/business_technology_text/688063_1208972447_business_technology.txt,dewrap_join,THUDM/glm-4-9b-chat-hf,4000,57214,10.954553902664966,2020.0,glm4_dewrap_join_full543_20260705,siliconflow_glm4_32b_table2_next100_after200_shard2_20260708
688618,三旺通信,1208981799,首次公开发行股票并在科创板上市招股说明书,2020-12-25,final_prospectus,https://static.cninfo.com.cn/finalpage/2020-12-25/1208981799.PDF,ok,data/raw/cninfo_ipo_prospectus_star_batch004_20260701/raw_pdf/2020-12-25_688618_三旺通信_1208981799_首次公开发行股票并在科创板上市招股说明书.pdf,data/raw/cninfo_ipo_prospectus_star_batch004_20260701/text/2020-12-25_688618_三旺通信_1208981799_首次公开发行股票并在科创板上市招股说明书.txt,ok,results/glm4_dewrap_rechunk_trial_20260705/dewrap_join/business_technology_text/688618_1208981799_business_technology.txt,70095.0,179350.0,573983,99500,92674,16,star_batch004_20260701,,,,,29.0,glm4_dewrap_join,4000.0,58308,13.0,results/star_token_proxy_250_late50_20260702/business_technology_text/688618_1208981799_business_technology.txt,dewrap_join,THUDM/glm-4-9b-chat-hf,4000,58308,10.973494584193904,2020.0,glm4_dewrap_join_full543_20260705,siliconflow_glm4_32b_table2_next100_after200_shard2_20260708
688686,奥普特,1209001449,首次公开发行股票并在科创板上市招股说明书,2020-12-28,final_prospectus,https://static.cninfo.com.cn/finalpage/2020-12-28/1209001449.PDF,ok,data/raw/cninfo_ipo_prospectus_star_batch004_20260701/raw_pdf/2020-12-28_688686_奥普特_1209001449_首次公开发行股票并在科创板上市招股说明书.pdf,data/raw/cninfo_ipo_prospectus_star_batch004_20260701/text/2020-12-28_688686_奥普特_1209001449_首次公开发行股票并在科创板上市招股说明书.txt,ok,results/glm4_dewrap_rechunk_trial_20260705/dewrap_join/business_technology_text/688686_1209001449_business_technology.txt,64656.0,157772.0,521346,85103,80132,14,star_batch004_20260701,,,,,25.0,glm4_dewrap_join,4000.0,51156,11.0,results/star_token_proxy_250_late50_20260702/business_technology_text/688686_1209001449_business_technology.txt,dewrap_join,THUDM/glm-4-9b-chat-hf,4000,51156,10.84263506655321,2020.0,glm4_dewrap_join_full543_20260705,siliconflow_glm4_32b_table2_next100_after200_shard2_20260708
688617,惠泰医疗,1209037066,首次公开发行股票并在科创板上市招股说明书,2021-01-04,final_prospectus,https://static.cninfo.com.cn/finalpage/2021-01-04/1209037066.PDF,ok,data/raw/cninfo_ipo_prospectus_star_batch004_20260701/raw_pdf/2021-01-04_688617_惠泰医疗_1209037066_首次公开发行股票并在科创板上市招股说明书.pdf,data/raw/cninfo_ipo_prospectus_star_batch004_20260701/text/2021-01-04_688617_惠泰医疗_1209037066_首次公开发行股票并在科创板上市招股说明书.txt,ok,results/glm4_dewrap_rechunk_trial_20260705/dewrap_join/business_technology_text/688617_1209037066_business_technology.txt,100457.0,270482.0,902465,150971,135955,24,star_batch004_20260701,,,,,45.0,glm4_dewrap_join,4000.0,92326,19.0,results/star_token_proxy_250_late50_20260702/business_technology_text/688617_1209037066_business_technology.txt,dewrap_join,THUDM/glm-4-9b-chat-hf,4000,92326,11.43308107096457,2021.0,glm4_dewrap_join_full543_20260705,siliconflow_glm4_32b_table2_next100_after200_shard2_20260708
688656,浩欧博,1209065383,首次公开发行股票并在科创板上市招股说明书,2021-01-08,final_prospectus,https://static.cninfo.com.cn/finalpage/2021-01-08/1209065383.PDF,ok,data/raw/cninfo_ipo_prospectus_star_batch004_20260701/raw_pdf/2021-01-08_688656_浩欧博_1209065383_首次公开发行股票并在科创板上市招股说明书.pdf,data/raw/cninfo_ipo_prospectus_star_batch004_20260701/text/2021-01-08_688656_浩欧博_1209065383_首次公开发行股票并在科创板上市招股说明书.txt,ok,results/glm4_dewrap_rechunk_trial_20260705/dewrap_join/business_technology_text/688656_1209065383_business_technology.txt,84682.0,190249.0,605113,94907,87471,15,star_batch004_20260701,,,,,29.0,glm4_dewrap_join,4000.0,56569,12.0,results/star_token_proxy_250_late50_20260702/business_technology_text/688656_1209065383_business_technology.txt,dewrap_join,THUDM/glm-4-9b-chat-hf,4000,56569,10.943216410966889,2021.0,glm4_dewrap_join_full543_20260705,siliconflow_glm4_32b_table2_next100_after200_shard2_20260708
688317,之江生物,1209084097,首次公开发行股票并在科创板上市招股说明书,2021-01-12,final_prospectus,https://static.cninfo.com.cn/finalpage/2021-01-12/1209084097.PDF,ok,data/raw/cninfo_ipo_prospectus_star_batch004_20260701/raw_pdf/2021-01-12_688317_之江生物_1209084097_首次公开发行股票并在科创板上市招股说明书.pdf,data/raw/cninfo_ipo_prospectus_star_batch004_20260701/text/2021-01-12_688317_之江生物_1209084097_首次公开发行股票并在科创板上市招股说明书.txt,ok,results/glm4_dewrap_rechunk_trial_20260705/dewrap_join/business_technology_text/688317_1209084097_business_technology.txt,99281.0,292587.0,912396,175557,159406,26,star_batch004_20260701,,,,,55.0,glm4_dewrap_join,4000.0,100917,22.0,results/star_token_proxy_250_late50_20260702/business_technology_text/688317_1209084097_business_technology.txt,dewrap_join,THUDM/glm-4-9b-chat-hf,4000,100917,11.5220536757971,2021.0,glm4_dewrap_join_full543_20260705,siliconflow_glm4_32b_table2_next100_after200_shard3_20260708
688819,天能股份,1209078953,首次公开发行股票并在科创板上市招股说明书,2021-01-11,final_prospectus,https://static.cninfo.com.cn/finalpage/2021-01-11/1209078953.PDF,ok,data/raw/cninfo_ipo_prospectus_star_batch004_20260701/raw_pdf/2021-01-11_688819_天能股份_1209078953_首次公开发行股票并在科创板上市招股说明书.pdf,data/raw/cninfo_ipo_prospectus_star_batch004_20260701/text/2021-01-11_688819_天能股份_1209078953_首次公开发行股票并在科创板上市招股说明书.txt,ok,results/glm4_dewrap_rechunk_trial_20260705/dewrap_join/business_technology_text/688819_1209078953_business_technology.txt,121182.0,199829.0,1065818,71762,67304,11,star_batch004_20260701,,,,,21.0,glm4_dewrap_join,4000.0,42494,9.0,results/star_token_proxy_250_late50_20260702/business_technology_text/688819_1209078953_business_technology.txt,dewrap_join,THUDM/glm-4-9b-chat-hf,4000,42494,10.657118168475584,2021.0,glm4_dewrap_join_full543_20260705,siliconflow_glm4_32b_table2_next100_after200_shard3_20260708
688680,海优新材,1209135684,首次公开发行股票并在科创板上市招股说明书,2021-01-19,final_prospectus,https://static.cninfo.com.cn/finalpage/2021-01-19/1209135684.PDF,ok,data/raw/cninfo_ipo_prospectus_star_batch004_20260701/raw_pdf/2021-01-19_688680_海优新材_1209135684_首次公开发行股票并在科创板上市招股说明书.pdf,data/raw/cninfo_ipo_prospectus_star_batch004_20260701/text/2021-01-19_688680_海优新材_1209135684_首次公开发行股票并在科创板上市招股说明书.txt,ok,results/glm4_dewrap_rechunk_trial_20260705/dewrap_join/business_technology_text/688680_1209135684_business_technology.txt,75279.0,154138.0,576921,73556,67284,12,star_batch004_20260701,,,,,22.0,glm4_dewrap_join,4000.0,45611,9.0,results/star_token_proxy_250_late50_20260702/business_technology_text/688680_1209135684_business_technology.txt,dewrap_join,THUDM/glm-4-9b-chat-hf,4000,45611,10.72790419448184,2021.0,glm4_dewrap_join_full543_20260705,siliconflow_glm4_32b_table2_next100_after200_shard3_20260708
688669,聚石化学,1209135619,首次公开发行股票并在科创板上市招股说明书,2021-01-19,final_prospectus,https://static.cninfo.com.cn/finalpage/2021-01-19/1209135619.PDF,ok,data/raw/cninfo_ipo_prospectus_star_batch004_20260701/raw_pdf/2021-01-19_688669_聚石化学_1209135619_首次公开发行股票并在科创板上市招股说明书.pdf,data/raw/cninfo_ipo_prospectus_star_batch004_20260701/text/2021-01-19_688669_聚石化学_1209135619_首次公开发行股票并在科创板上市招股说明书.txt,ok,results/glm4_dewrap_rechunk_trial_20260705/dewrap_join/business_technology_text/688669_1209135619_business_technology.txt,106986.0,215069.0,791794,96811,87951,16,star_batch004_20260701,,,,,29.0,glm4_dewrap_join,4000.0,60641,12.0,results/star_token_proxy_250_late50_20260702/business_technology_text/688669_1209135619_business_technology.txt,dewrap_join,THUDM/glm-4-9b-chat-hf,4000,60641,11.012726510945454,2021.0,glm4_dewrap_join_full543_20260705,siliconflow_glm4_32b_table2_next100_after200_shard3_20260708
688689,银河微电,1209135763,首次公开发行股票并在科创板上市招股说明书,2021-01-19,final_prospectus,https://static.cninfo.com.cn/finalpage/2021-01-19/1209135763.PDF,ok,data/raw/cninfo_ipo_prospectus_star_batch004_20260701/raw_pdf/2021-01-19_688689_银河微电_1209135763_首次公开发行股票并在科创板上市招股说明书.pdf,data/raw/cninfo_ipo_prospectus_star_batch004_20260701/text/2021-01-19_688689_银河微电_1209135763_首次公开发行股票并在科创板上市招股说明书.txt,ok,results/glm4_dewrap_rechunk_trial_20260705/dewrap_join/business_technology_text/688689_1209135763_business_technology.txt,80638.0,199717.0,585191,108988,99023,18,star_batch004_20260701,,,,,33.0,glm4_dewrap_join,4000.0,68395,14.0,results/star_token_proxy_250_late50_20260702/business_technology_text/688689_1209135763_business_technology.txt,dewrap_join,THUDM/glm-4-9b-chat-hf,4000,68395,11.133055001523545,2021.0,glm4_dewrap_join_full543_20260705,siliconflow_glm4_32b_table2_next100_after200_shard3_20260708
688350,富淼科技,1209178371,首次公开发行股票并在科创板上市招股说明书,2021-01-25,final_prospectus,https://static.cninfo.com.cn/finalpage/2021-01-25/1209178371.PDF,ok,data/raw/cninfo_ipo_prospectus_star_batch004_20260701/raw_pdf/2021-01-25_688350_富淼科技_1209178371_首次公开发行股票并在科创板上市招股说明书.pdf,data/raw/cninfo_ipo_prospectus_star_batch004_20260701/text/2021-01-25_688350_富淼科技_1209178371_首次公开发行股票并在科创板上市招股说明书.txt,ok,results/glm4_dewrap_rechunk_trial_20260705/dewrap_join/business_technology_text/688350_1209178371_business_technology.txt,84694.0,203157.0,718016,108093,100556,17,star_batch004_20260701,,,,,32.0,glm4_dewrap_join,4000.0,64840,14.0,results/star_token_proxy_250_late50_20260702/business_technology_text/688350_1209178371_business_technology.txt,dewrap_join,THUDM/glm-4-9b-chat-hf,4000,64840,11.079677975849611,2021.0,glm4_dewrap_join_full543_20260705,siliconflow_glm4_32b_table2_next100_after200_shard3_20260708
688607,康众医疗,1209195030,首次公开发行股票并在科创板上市招股说明书,2021-01-27,final_prospectus,https://static.cninfo.com.cn/finalpage/2021-01-27/1209195030.PDF,ok,data/raw/cninfo_ipo_prospectus_star_batch004_20260701/raw_pdf/2021-01-27_688607_康众医疗_1209195030_首次公开发行股票并在科创板上市招股说明书.pdf,data/raw/cninfo_ipo_prospectus_star_batch004_20260701/text/2021-01-27_688607_康众医疗_1209195030_首次公开发行股票并在科创板上市招股说明书.txt,ok,results/glm4_dewrap_rechunk_trial_20260705/dewrap_join/business_technology_text/688607_1209195030_business_technology.txt,99485.0,207033.0,640354,98929,90986,15,star_batch004_20260701,,,,,29.0,glm4_dewrap_join,4000.0,56733,13.0,results/star_token_proxy_250_late50_20260702/business_technology_text/688607_1209195030_business_technology.txt,dewrap_join,THUDM/glm-4-9b-chat-hf,4000,56733,10.946111330995382,2021.0,glm4_dewrap_join_full543_20260705,siliconflow_glm4_32b_table2_next100_after200_shard3_20260708
688628,优利德,1209188011,首次公开发行股票并在科创板上市招股说明书,2021-01-26,final_prospectus,https://static.cninfo.com.cn/finalpage/2021-01-26/1209188011.PDF,ok,data/raw/cninfo_ipo_prospectus_star_batch004_20260701/raw_pdf/2021-01-26_688628_优利德_1209188011_首次公开发行股票并在科创板上市招股说明书.pdf,data/raw/cninfo_ipo_prospectus_star_batch004_20260701/text/2021-01-26_688628_优利德_1209188011_首次公开发行股票并在科创板上市招股说明书.txt,ok,results/glm4_dewrap_rechunk_trial_20260705/dewrap_join/business_technology_text/688628_1209188011_business_technology.txt,86966.0,271506.0,763733,171234,155437,27,star_batch004_20260701,,,,,48.0,glm4_dewrap_join,4000.0,104676,21.0,results/star_token_proxy_250_late50_20260702/business_technology_text/688628_1209188011_business_technology.txt,dewrap_join,THUDM/glm-4-9b-chat-hf,4000,104676,11.55862514422122,2021.0,glm4_dewrap_join_full543_20260705,siliconflow_glm4_32b_table2_next100_after200_shard3_20260708
688059,华锐精密,1209233825,华锐精密首次公开发行股票并在科创板上市招股说明书,2021-02-03,final_prospectus,https://static.cninfo.com.cn/finalpage/2021-02-03/1209233825.PDF,ok,data/raw/cninfo_ipo_prospectus_star_batch005_20260702/raw_pdf/2021-02-03_688059_华锐精密_1209233825_华锐精密首次公开发行股票并在科创板上市招股说明书.pdf,data/raw/cninfo_ipo_prospectus_star_batch005_20260702/text/2021-02-03_688059_华锐精密_1209233825_华锐精密首次公开发行股票并在科创板上市招股说明书.txt,ok,results/glm4_dewrap_rechunk_trial_20260705/dewrap_join/business_technology_text/688059_1209233825_business_technology.txt,74338.0,150038.0,527862,68680,63133,11,star_batch005_20260702,,,,,21.0,glm4_dewrap_join,4000.0,42710,9.0,results/star_token_proxy_250_late50_20260702/business_technology_text/688059_1209233825_business_technology.txt,dewrap_join,THUDM/glm-4-9b-chat-hf,4000,42710,10.662188363835511,2021.0,glm4_dewrap_join_full543_20260705,siliconflow_glm4_32b_table2_next100_after200_shard3_20260708
688687,凯因科技,1209225161,凯因科技首次公开发行股票并在科创板上市招股说明书,2021-02-02,final_prospectus,https://static.cninfo.com.cn/finalpage/2021-02-02/1209225161.PDF,ok,data/raw/cninfo_ipo_prospectus_star_batch005_20260702/raw_pdf/2021-02-02_688687_凯因科技_1209225161_凯因科技首次公开发行股票并在科创板上市招股说明书.pdf,data/raw/cninfo_ipo_prospectus_star_batch005_20260702/text/2021-02-02_688687_凯因科技_1209225161_凯因科技首次公开发行股票并在科创板上市招股说明书.txt,ok,results/glm4_dewrap_rechunk_trial_20260705/dewrap_join/business_technology_text/688687_1209225161_business_technology.txt,89694.0,225125.0,607299,124716,114964,20,star_batch005_20260702,,,,,35.0,glm4_dewrap_join,4000.0,75395,16.0,results/star_token_proxy_250_late50_20260702/business_technology_text/688687_1209225161_business_technology.txt,dewrap_join,THUDM/glm-4-9b-chat-hf,4000,75395,11.230496238799896,2021.0,glm4_dewrap_join_full543_20260705,siliconflow_glm4_32b_table2_next100_after200_shard3_20260708
688665,四方光电,1209239107,四方光电首次公开发行股票并在科创板上市招股说明书,2021-02-04,final_prospectus,https://static.cninfo.com.cn/finalpage/2021-02-04/1209239107.PDF,ok,data/raw/cninfo_ipo_prospectus_star_batch005_20260702/raw_pdf/2021-02-04_688665_四方光电_1209239107_四方光电首次公开发行股票并在科创板上市招股说明书.pdf,data/raw/cninfo_ipo_prospectus_star_batch005_20260702/text/2021-02-04_688665_四方光电_1209239107_四方光电首次公开发行股票并在科创板上市招股说明书.txt,ok,results/glm4_dewrap_rechunk_trial_20260705/dewrap_join/business_technology_text/688665_1209239107_business_technology.txt,81210.0,217675.0,708560,125855,114444,20,star_batch005_20260702,,,,,36.0,glm4_dewrap_join,4000.0,75023,15.0,results/star_token_proxy_250_late50_20260702/business_technology_text/688665_1209239107_business_technology.txt,dewrap_join,THUDM/glm-4-9b-chat-hf,4000,75023,11.225550012172503,2021.0,glm4_dewrap_join_full543_20260705,siliconflow_glm4_32b_table2_next100_after200_shard3_20260708
688619,罗普特,1209265944,罗普特首次公开发行股票并在科创板上市招股说明书,2021-02-10,final_prospectus,https://static.cninfo.com.cn/finalpage/2021-02-10/1209265944.PDF,ok,data/raw/cninfo_ipo_prospectus_star_batch005_20260702/raw_pdf/2021-02-10_688619_罗普特_1209265944_罗普特首次公开发行股票并在科创板上市招股说明书.pdf,data/raw/cninfo_ipo_prospectus_star_batch005_20260702/text/2021-02-10_688619_罗普特_1209265944_罗普特首次公开发行股票并在科创板上市招股说明书.txt,ok,results/glm4_dewrap_rechunk_trial_20260705/dewrap_join/business_technology_text/688619_1209265944_business_technology.txt,109980.0,271810.0,996280,143304,133634,23,star_batch005_20260702,,,,,44.0,glm4_dewrap_join,4000.0,85293,19.0,results/star_token_proxy_250_late50_20260702/business_technology_text/688619_1209265944_business_technology.txt,dewrap_join,THUDM/glm-4-9b-chat-hf,4000,85293,11.353847666806416,2021.0,glm4_dewrap_join_full543_20260705,siliconflow_glm4_32b_table2_next100_after200_shard3_20260708
688183,生益电子,1209280522,生益电子首次公开发行股票并在科创板上市招股说明书,2021-02-19,final_prospectus,https://static.cninfo.com.cn/finalpage/2021-02-19/1209280522.PDF,ok,data/raw/cninfo_ipo_prospectus_star_batch005_20260702/raw_pdf/2021-02-19_688183_生益电子_1209280522_生益电子首次公开发行股票并在科创板上市招股说明书.pdf,data/raw/cninfo_ipo_prospectus_star_batch005_20260702/text/2021-02-19_688183_生益电子_1209280522_生益电子首次公开发行股票并在科创板上市招股说明书.txt,ok,results/glm4_dewrap_rechunk_trial_20260705/dewrap_join/business_technology_text/688183_1209280522_business_technology.txt,85897.0,245910.0,849443,149802,135637,24,star_batch005_20260702,,,,,42.0,glm4_dewrap_join,4000.0,90297,18.0,results/star_token_proxy_250_late50_20260702/business_technology_text/688183_1209280522_business_technology.txt,dewrap_join,THUDM/glm-4-9b-chat-hf,4000,90297,11.410859516261832,2021.0,glm4_dewrap_join_full543_20260705,siliconflow_glm4_32b_table2_next100_after200_shard3_20260708
688677,海泰新光,1209287021,海泰新光首次公开发行股票并在科创板上市招股说明书,2021-02-22,final_prospectus,https://static.cninfo.com.cn/finalpage/2021-02-22/1209287021.PDF,ok,data/raw/cninfo_ipo_prospectus_star_batch005_20260702/raw_pdf/2021-02-22_688677_海泰新光_1209287021_海泰新光首次公开发行股票并在科创板上市招股说明书.pdf,data/raw/cninfo_ipo_prospectus_star_batch005_20260702/text/2021-02-22_688677_海泰新光_1209287021_海泰新光首次公开发行股票并在科创板上市招股说明书.txt,ok,results/glm4_dewrap_rechunk_trial_20260705/dewrap_join/business_technology_text/688677_1209287021_business_technology.txt,105889.0,205420.0,660857,90916,84511,14,star_batch005_20260702,,,,,26.0,glm4_dewrap_join,4000.0,53447,12.0,results/star_token_proxy_250_late50_20260702/business_technology_text/688677_1209287021_business_technology.txt,dewrap_join,THUDM/glm-4-9b-chat-hf,4000,53447,10.886445787656298,2021.0,glm4_dewrap_join_full543_20260705,siliconflow_glm4_32b_table2_next100_after200_shard3_20260708
688079,美迪凯,1209301240,美迪凯首次公开发行股票并在科创板上市招股说明书,2021-02-25,final_prospectus,https://static.cninfo.com.cn/finalpage/2021-02-25/1209301240.PDF,ok,data/raw/cninfo_ipo_prospectus_star_batch005_20260702/raw_pdf/2021-02-25_688079_美迪凯_1209301240_美迪凯首次公开发行股票并在科创板上市招股说明书.pdf,data/raw/cninfo_ipo_prospectus_star_batch005_20260702/text/2021-02-25_688079_美迪凯_1209301240_美迪凯首次公开发行股票并在科创板上市招股说明书.txt,ok,results/glm4_dewrap_rechunk_trial_20260705/dewrap_join/business_technology_text/688079_1209301240_business_technology.txt,88357.0,174827.0,617280,78264,72065,12,star_batch005_20260702,,,,,23.0,glm4_dewrap_join,4000.0,46112,10.0,results/star_token_proxy_250_late50_20260702/business_technology_text/688079_1209301240_business_technology.txt,dewrap_join,THUDM/glm-4-9b-chat-hf,4000,46112,10.738828498799249,2021.0,glm4_dewrap_join_full543_20260705,siliconflow_glm4_32b_table2_next100_after200_shard3_20260708
688696,极米科技,1209301242,极米科技首次公开发行股票并在科创板上市招股说明书,2021-02-25,final_prospectus,https://static.cninfo.com.cn/finalpage/2021-02-25/1209301242.PDF,ok,data/raw/cninfo_ipo_prospectus_star_batch005_20260702/raw_pdf/2021-02-25_688696_极米科技_1209301242_极米科技首次公开发行股票并在科创板上市招股说明书.pdf,data/raw/cninfo_ipo_prospectus_star_batch005_20260702/text/2021-02-25_688696_极米科技_1209301242_极米科技首次公开发行股票并在科创板上市招股说明书.txt,ok,results/glm4_dewrap_rechunk_trial_20260705/dewrap_join/business_technology_text/688696_1209301242_business_technology.txt,110666.0,256563.0,888947,133595,116743,21,star_batch005_20260702,,,,,40.0,glm4_dewrap_join,4000.0,81193,16.0,results/star_token_proxy_250_late50_20260702/business_technology_text/688696_1209301242_business_technology.txt,dewrap_join,THUDM/glm-4-9b-chat-hf,4000,81193,11.30458431553719,2021.0,glm4_dewrap_join_full543_20260705,siliconflow_glm4_32b_table2_next100_after200_shard3_20260708
688328,深科达,1209325112,深科达首次公开发行股票并在科创板上市招股说明书,2021-03-03,final_prospectus,https://static.cninfo.com.cn/finalpage/2021-03-03/1209325112.PDF,ok,data/raw/cninfo_ipo_prospectus_star_batch005_20260702/raw_pdf/2021-03-03_688328_深科达_1209325112_深科达首次公开发行股票并在科创板上市招股说明书.pdf,data/raw/cninfo_ipo_prospectus_star_batch005_20260702/text/2021-03-03_688328_深科达_1209325112_深科达首次公开发行股票并在科创板上市招股说明书.txt,ok,results/glm4_dewrap_rechunk_trial_20260705/dewrap_join/business_technology_text/688328_1209325112_business_technology.txt,88500.0,194482.0,680924,96889,87667,16,star_batch005_20260702,,,,,28.0,glm4_dewrap_join,4000.0,59541,12.0,results/star_token_proxy_250_late50_20260702/business_technology_text/688328_1209325112_business_technology.txt,dewrap_join,THUDM/glm-4-9b-chat-hf,4000,59541,10.994420429860368,2021.0,glm4_dewrap_join_full543_20260705,siliconflow_glm4_32b_table2_next100_after200_shard3_20260708
688676,金盘科技,1209331503,金盘科技首次公开发行股票并在科创板上市招股说明书,2021-03-04,final_prospectus,https://static.cninfo.com.cn/finalpage/2021-03-04/1209331503.PDF,ok,data/raw/cninfo_ipo_prospectus_star_batch005_20260702/raw_pdf/2021-03-04_688676_金盘科技_1209331503_金盘科技首次公开发行股票并在科创板上市招股说明书.pdf,data/raw/cninfo_ipo_prospectus_star_batch005_20260702/text/2021-03-04_688676_金盘科技_1209331503_金盘科技首次公开发行股票并在科创板上市招股说明书.txt,ok,results/glm4_dewrap_rechunk_trial_20260705/dewrap_join/business_technology_text/688676_1209331503_business_technology.txt,100228.0,236428.0,819925,124295,115781,20,star_batch005_20260702,,,,,38.0,glm4_dewrap_join,4000.0,74717,16.0,results/star_token_proxy_250_late50_20260702/business_technology_text/688676_1209331503_business_technology.txt,dewrap_join,THUDM/glm-4-9b-chat-hf,4000,74717,11.221462922203765,2021.0,glm4_dewrap_join_full543_20260705,siliconflow_glm4_32b_table2_next100_after200_shard3_20260708
688083,中望软件,1209347204,中望软件首次公开发行股票并在科创板上市招股说明书,2021-03-08,final_prospectus,https://static.cninfo.com.cn/finalpage/2021-03-08/1209347204.PDF,ok,data/raw/cninfo_ipo_prospectus_star_batch005_20260702/raw_pdf/2021-03-08_688083_中望软件_1209347204_中望软件首次公开发行股票并在科创板上市招股说明书.pdf,data/raw/cninfo_ipo_prospectus_star_batch005_20260702/text/2021-03-08_688083_中望软件_1209347204_中望软件首次公开发行股票并在科创板上市招股说明书.txt,ok,results/glm4_dewrap_rechunk_trial_20260705/dewrap_join/business_technology_text/688083_1209347204_business_technology.txt,83600.0,237828.0,744001,140042,128097,21,star_batch005_20260702,,,,,41.0,glm4_dewrap_join,4000.0,80907,17.0,results/star_token_proxy_250_late50_20260702/business_technology_text/688083_1209347204_business_technology.txt,dewrap_join,THUDM/glm-4-9b-chat-hf,4000,80907,11.301055625879394,2021.0,glm4_dewrap_join_full543_20260705,siliconflow_glm4_32b_table2_next100_after200_shard3_20260708
688316,青云科技,1209353886,青云科技首次公开发行股票并在科创板上市招股说明书,2021-03-09,final_prospectus,https://static.cninfo.com.cn/finalpage/2021-03-09/1209353886.PDF,ok,data/raw/cninfo_ipo_prospectus_star_batch005_20260702/raw_pdf/2021-03-09_688316_青云科技_1209353886_青云科技首次公开发行股票并在科创板上市招股说明书.pdf,data/raw/cninfo_ipo_prospectus_star_batch005_20260702/text/2021-03-09_688316_青云科技_1209353886_青云科技首次公开发行股票并在科创板上市招股说明书.txt,ok,results/glm4_dewrap_rechunk_trial_20260705/dewrap_join/business_technology_text/688316_1209353886_business_technology.txt,130974.0,271954.0,894562,129288,119834,20,star_batch005_20260702,,,,,37.0,glm4_dewrap_join,4000.0,75107,16.0,results/star_token_proxy_250_late50_20260702/business_technology_text/688316_1209353886_business_technology.txt,dewrap_join,THUDM/glm-4-9b-chat-hf,4000,75107,11.226669042463126,2021.0,glm4_dewrap_join_full543_20260705,siliconflow_glm4_32b_table2_next100_after200_shard3_20260708
688456,有研粉材,1209371603,有研粉材首次公开发行股票并在科创板上市招股说明书,2021-03-12,final_prospectus,https://static.cninfo.com.cn/finalpage/2021-03-12/1209371603.PDF,ok,data/raw/cninfo_ipo_prospectus_star_batch005_20260702/raw_pdf/2021-03-12_688456_有研粉材_1209371603_有研粉材首次公开发行股票并在科创板上市招股说明书.pdf,data/raw/cninfo_ipo_prospectus_star_batch005_20260702/text/2021-03-12_688456_有研粉材_1209371603_有研粉材首次公开发行股票并在科创板上市招股说明书.txt,ok,results/glm4_dewrap_rechunk_trial_20260705/dewrap_join/business_technology_text/688456_1209371603_business_technology.txt,78314.0,182452.0,737932,94025,86892,15,star_batch005_20260702,,,,,28.0,glm4_dewrap_join,4000.0,57543,12.0,results/star_token_proxy_250_late50_20260702/business_technology_text/688456_1209371603_business_technology.txt,dewrap_join,THUDM/glm-4-9b-chat-hf,4000,57543,10.960287773389798,2021.0,glm4_dewrap_join_full543_20260705,siliconflow_glm4_32b_table2_next100_after200_shard4_20260708
688616,西力科技,1209371610,西力科技首次公开发行股票并在科创板上市招股说明书,2021-03-12,final_prospectus,https://static.cninfo.com.cn/finalpage/2021-03-12/1209371610.PDF,ok,data/raw/cninfo_ipo_prospectus_star_batch005_20260702/raw_pdf/2021-03-12_688616_西力科技_1209371610_西力科技首次公开发行股票并在科创板上市招股说明书.pdf,data/raw/cninfo_ipo_prospectus_star_batch005_20260702/text/2021-03-12_688616_西力科技_1209371610_西力科技首次公开发行股票并在科创板上市招股说明书.txt,ok,results/glm4_dewrap_rechunk_trial_20260705/dewrap_join/business_technology_text/688616_1209371610_business_technology.txt,67560.0,164328.0,569300,87464,80151,14,star_batch005_20260702,,,,,26.0,glm4_dewrap_join,4000.0,54167,11.0,results/star_token_proxy_250_late50_20260702/business_technology_text/688616_1209371610_business_technology.txt,dewrap_join,THUDM/glm-4-9b-chat-hf,4000,54167,10.899827145911038,2021.0,glm4_dewrap_join_full543_20260705,siliconflow_glm4_32b_table2_next100_after200_shard4_20260708
688092,爱科科技,1209385390,爱科科技首次公开发行股票并在科创板上市招股说明书,2021-03-16,final_prospectus,https://static.cninfo.com.cn/finalpage/2021-03-16/1209385390.PDF,ok,data/raw/cninfo_ipo_prospectus_star_batch005_20260702/raw_pdf/2021-03-16_688092_爱科科技_1209385390_爱科科技首次公开发行股票并在科创板上市招股说明书.pdf,data/raw/cninfo_ipo_prospectus_star_batch005_20260702/text/2021-03-16_688092_爱科科技_1209385390_爱科科技首次公开发行股票并在科创板上市招股说明书.txt,ok,results/glm4_dewrap_rechunk_trial_20260705/dewrap_join/business_technology_text/688092_1209385390_business_technology.txt,77397.0,194652.0,613281,107309,99303,17,star_batch005_20260702,,,,,31.0,glm4_dewrap_join,4000.0,63032,14.0,results/star_token_proxy_250_late50_20260702/business_technology_text/688092_1209385390_business_technology.txt,dewrap_join,THUDM/glm-4-9b-chat-hf,4000,63032,11.051397812925524,2021.0,glm4_dewrap_join_full543_20260705,siliconflow_glm4_32b_table2_next100_after200_shard4_20260708
688609,九联科技,1209393690,九联科技首次公开发行股票并在科创板上市招股说明书,2021-03-17,final_prospectus,https://static.cninfo.com.cn/finalpage/2021-03-17/1209393690.PDF,ok,data/raw/cninfo_ipo_prospectus_star_batch005_20260702/raw_pdf/2021-03-17_688609_九联科技_1209393690_九联科技首次公开发行股票并在科创板上市招股说明书.pdf,data/raw/cninfo_ipo_prospectus_star_batch005_20260702/text/2021-03-17_688609_九联科技_1209393690_九联科技首次公开发行股票并在科创板上市招股说明书.txt,ok,results/glm4_dewrap_rechunk_trial_20260705/dewrap_join/business_technology_text/688609_1209393690_business_technology.txt,120355.0,320116.0,1061326,182636,168907,28,star_batch005_20260702,,,,,54.0,glm4_dewrap_join,4000.0,108032,23.0,results/star_token_proxy_250_late50_20260702/business_technology_text/688609_1209393690_business_technology.txt,dewrap_join,THUDM/glm-4-9b-chat-hf,4000,108032,11.590182758515574,2021.0,glm4_dewrap_join_full543_20260705,siliconflow_glm4_32b_table2_next100_after200_shard4_20260708
688633,星球石墨,1209410747,星球石墨首次公开发行股票并在科创板上市招股说明书,2021-03-19,final_prospectus,https://static.cninfo.com.cn/finalpage/2021-03-19/1209410747.PDF,ok,data/raw/cninfo_ipo_prospectus_star_batch005_20260702/raw_pdf/2021-03-19_688633_星球石墨_1209410747_星球石墨首次公开发行股票并在科创板上市招股说明书.pdf,data/raw/cninfo_ipo_prospectus_star_batch005_20260702/text/2021-03-19_688633_星球石墨_1209410747_星球石墨首次公开发行股票并在科创板上市招股说明书.txt,ok,results/glm4_dewrap_rechunk_trial_20260705/dewrap_join/business_technology_text/688633_1209410747_business_technology.txt,65845.0,140851.0,690660,67930,62402,11,star_batch005_20260702,,,,,20.0,glm4_dewrap_join,4000.0,41501,9.0,results/star_token_proxy_250_late50_20260702/business_technology_text/688633_1209410747_business_technology.txt,dewrap_join,THUDM/glm-4-9b-chat-hf,4000,41501,10.63347280231402,2021.0,glm4_dewrap_join_full543_20260705,siliconflow_glm4_32b_table2_next100_after200_shard4_20260708
688606,奥泰生物,1209410745,奥泰生物首次公开发行股票并在科创板上市招股说明书,2021-03-19,final_prospectus,https://static.cninfo.com.cn/finalpage/2021-03-19/1209410745.PDF,ok,data/raw/cninfo_ipo_prospectus_star_batch005_20260702/raw_pdf/2021-03-19_688606_奥泰生物_1209410745_奥泰生物首次公开发行股票并在科创板上市招股说明书.pdf,data/raw/cninfo_ipo_prospectus_star_batch005_20260702/text/2021-03-19_688606_奥泰生物_1209410745_奥泰生物首次公开发行股票并在科创板上市招股说明书.txt,ok,results/glm4_dewrap_rechunk_trial_20260705/dewrap_join/business_technology_text/688606_1209410745_business_technology.txt,88669.0,216653.0,688227,116827,107662,18,star_batch005_20260702,,,,,35.0,glm4_dewrap_join,4000.0,67990,15.0,results/star_token_proxy_250_late50_20260702/business_technology_text/688606_1209410745_business_technology.txt,dewrap_join,THUDM/glm-4-9b-chat-hf,4000,67990,11.127115914520504,2021.0,glm4_dewrap_join_full543_20260705,siliconflow_glm4_32b_table2_next100_after200_shard4_20260708
688195,腾景科技,1209420396,腾景科技首次公开发行股票并在科创板上市招股说明书,2021-03-22,final_prospectus,https://static.cninfo.com.cn/finalpage/2021-03-22/1209420396.PDF,ok,data/raw/cninfo_ipo_prospectus_star_batch005_20260702/raw_pdf/2021-03-22_688195_腾景科技_1209420396_腾景科技首次公开发行股票并在科创板上市招股说明书.pdf,data/raw/cninfo_ipo_prospectus_star_batch005_20260702/text/2021-03-22_688195_腾景科技_1209420396_腾景科技首次公开发行股票并在科创板上市招股说明书.txt,ok,results/glm4_dewrap_rechunk_trial_20260705/dewrap_join/business_technology_text/688195_1209420396_business_technology.txt,80527.0,173489.0,628953,83618,76934,13,star_batch005_20260702,,,,,25.0,glm4_dewrap_join,4000.0,50986,11.0,results/star_token_proxy_250_late50_20260702/business_technology_text/688195_1209420396_business_technology.txt,dewrap_join,THUDM/glm-4-9b-chat-hf,4000,50986,10.839306364217828,2021.0,glm4_dewrap_join_full543_20260705,siliconflow_glm4_32b_table2_next100_after200_shard4_20260708
688329,艾隆科技,1209402606,艾隆科技首次公开发行股票并在科创板上市招股说明书,2021-03-18,final_prospectus,https://static.cninfo.com.cn/finalpage/2021-03-18/1209402606.PDF,ok,data/raw/cninfo_ipo_prospectus_star_batch005_20260702/raw_pdf/2021-03-18_688329_艾隆科技_1209402606_艾隆科技首次公开发行股票并在科创板上市招股说明书.pdf,data/raw/cninfo_ipo_prospectus_star_batch005_20260702/text/2021-03-18_688329_艾隆科技_1209402606_艾隆科技首次公开发行股票并在科创板上市招股说明书.txt,ok,results/glm4_dewrap_rechunk_trial_20260705/dewrap_join/business_technology_text/688329_1209402606_business_technology.txt,75669.0,137482.0,665447,56435,50616,9,star_batch005_20260702,,,,,16.0,glm4_dewrap_join,4000.0,33699,7.0,results/star_token_proxy_250_late50_20260702/business_technology_text/688329_1209402606_business_technology.txt,dewrap_join,THUDM/glm-4-9b-chat-hf,4000,33699,10.42522344230968,2021.0,glm4_dewrap_join_full543_20260705,siliconflow_glm4_32b_table2_next100_after200_shard4_20260708
688661,和林微纳,1209427045,和林微纳首次公开发行股票并在科创板上市招股说明书,2021-03-23,final_prospectus,https://static.cninfo.com.cn/finalpage/2021-03-23/1209427045.PDF,ok,data/raw/cninfo_ipo_prospectus_star_batch005_20260702/raw_pdf/2021-03-23_688661_和林微纳_1209427045_和林微纳首次公开发行股票并在科创板上市招股说明书.pdf,data/raw/cninfo_ipo_prospectus_star_batch005_20260702/text/2021-03-23_688661_和林微纳_1209427045_和林微纳首次公开发行股票并在科创板上市招股说明书.txt,ok,results/glm4_dewrap_rechunk_trial_20260705/dewrap_join/business_technology_text/688661_1209427045_business_technology.txt,82196.0,177098.0,702391,86899,79547,13,star_batch005_20260702,,,,,25.0,glm4_dewrap_join,4000.0,50400,11.0,results/star_token_proxy_250_late50_20260702/business_technology_text/688661_1209427045_business_technology.txt,dewrap_join,THUDM/glm-4-9b-chat-hf,4000,50400,10.82774645405946,2021.0,glm4_dewrap_join_full543_20260705,siliconflow_glm4_32b_table2_next100_after200_shard4_20260708
688109,品茗股份,1209438326,品茗股份首次公开发行股票并在科创板上市招股说明书,2021-03-24,final_prospectus,https://static.cninfo.com.cn/finalpage/2021-03-24/1209438326.PDF,ok,data/raw/cninfo_ipo_prospectus_star_batch005_20260702/raw_pdf/2021-03-24_688109_品茗股份_1209438326_品茗股份首次公开发行股票并在科创板上市招股说明书.pdf,data/raw/cninfo_ipo_prospectus_star_batch005_20260702/text/2021-03-24_688109_品茗股份_1209438326_品茗股份首次公开发行股票并在科创板上市招股说明书.txt,ok,results/glm4_dewrap_rechunk_trial_20260705/dewrap_join/business_technology_text/688109_1209438326_business_technology.txt,89648.0,198755.0,658951,99372,92494,15,star_batch005_20260702,,,,,29.0,glm4_dewrap_join,4000.0,58269,13.0,results/star_token_proxy_250_late50_20260702/business_technology_text/688109_1209438326_business_technology.txt,dewrap_join,THUDM/glm-4-9b-chat-hf,4000,58269,10.972825498500242,2021.0,glm4_dewrap_join_full543_20260705,siliconflow_glm4_32b_table2_next100_after200_shard4_20260708
688626,翔宇医疗,1209445016,翔宇医疗首次公开发行股票并在科创板上市招股说明书,2021-03-25,final_prospectus,https://static.cninfo.com.cn/finalpage/2021-03-25/1209445016.PDF,ok,data/raw/cninfo_ipo_prospectus_star_batch005_20260702/raw_pdf/2021-03-25_688626_翔宇医疗_1209445016_翔宇医疗首次公开发行股票并在科创板上市招股说明书.pdf,data/raw/cninfo_ipo_prospectus_star_batch005_20260702/text/2021-03-25_688626_翔宇医疗_1209445016_翔宇医疗首次公开发行股票并在科创板上市招股说明书.txt,ok,results/glm4_dewrap_rechunk_trial_20260705/dewrap_join/business_technology_text/688626_1209445016_business_technology.txt,95872.0,238539.0,724756,128601,118811,20,star_batch005_20260702,,,,,38.0,glm4_dewrap_join,4000.0,78105,16.0,results/star_token_proxy_250_late50_20260702/business_technology_text/688626_1209445016_business_technology.txt,dewrap_join,THUDM/glm-4-9b-chat-hf,4000,78105,11.265809354265109,2021.0,glm4_dewrap_join_full543_20260705,siliconflow_glm4_32b_table2_next100_after200_shard4_20260708
688659,元琛科技,1209453856,元琛科技首次公开发行股票并在科创板上市招股说明书,2021-03-26,final_prospectus,https://static.cninfo.com.cn/finalpage/2021-03-26/1209453856.PDF,ok,data/raw/cninfo_ipo_prospectus_star_batch005_20260702/raw_pdf/2021-03-26_688659_元琛科技_1209453856_元琛科技首次公开发行股票并在科创板上市招股说明书.pdf,data/raw/cninfo_ipo_prospectus_star_batch005_20260702/text/2021-03-26_688659_元琛科技_1209453856_元琛科技首次公开发行股票并在科创板上市招股说明书.txt,ok,results/glm4_dewrap_rechunk_trial_20260705/dewrap_join/business_technology_text/688659_1209453856_business_technology.txt,78285.0,183746.0,659344,95563,88421,16,star_batch005_20260702,,,,,28.0,glm4_dewrap_join,4000.0,58816,12.0,results/star_token_proxy_250_late50_20260702/business_technology_text/688659_1209453856_business_technology.txt,dewrap_join,THUDM/glm-4-9b-chat-hf,4000,58816,10.982169205715358,2021.0,glm4_dewrap_join_full543_20260705,siliconflow_glm4_32b_table2_next100_after200_shard4_20260708
688630,芯碁微装,1209468294,芯碁微装首次公开发行股票并在科创板上市招股说明书,2021-03-29,final_prospectus,https://static.cninfo.com.cn/finalpage/2021-03-29/1209468294.PDF,ok,data/raw/cninfo_ipo_prospectus_star_batch005_20260702/raw_pdf/2021-03-29_688630_芯碁微装_1209468294_芯碁微装首次公开发行股票并在科创板上市招股说明书.pdf,data/raw/cninfo_ipo_prospectus_star_batch005_20260702/text/2021-03-29_688630_芯碁微装_1209468294_芯碁微装首次公开发行股票并在科创板上市招股说明书.txt,ok,results/glm4_dewrap_rechunk_trial_20260705/dewrap_join/business_technology_text/688630_1209468294_business_technology.txt,114115.0,211178.0,623945,88209,81225,14,star_batch005_20260702,,,,,26.0,glm4_dewrap_join,4000.0,51691,11.0,results/star_token_proxy_250_late50_20260702/business_technology_text/688630_1209468294_business_technology.txt,dewrap_join,THUDM/glm-4-9b-chat-hf,4000,51691,10.853038964104712,2021.0,glm4_dewrap_join_full543_20260705,siliconflow_glm4_32b_table2_next100_after200_shard4_20260708
688662,富信科技,1209468297,富信科技首次公开发行股票并在科创板上市招股说明书,2021-03-29,final_prospectus,https://static.cninfo.com.cn/finalpage/2021-03-29/1209468297.PDF,ok,data/raw/cninfo_ipo_prospectus_star_batch005_20260702/raw_pdf/2021-03-29_688662_富信科技_1209468297_富信科技首次公开发行股票并在科创板上市招股说明书.pdf,data/raw/cninfo_ipo_prospectus_star_batch005_20260702/text/2021-03-29_688662_富信科技_1209468297_富信科技首次公开发行股票并在科创板上市招股说明书.txt,ok,results/glm4_dewrap_rechunk_trial_20260705/dewrap_join/business_technology_text/688662_1209468297_business_technology.txt,81888.0,206876.0,785358,113827,105459,18,star_batch005_20260702,,,,,33.0,glm4_dewrap_join,4000.0,68977,14.0,results/star_token_proxy_250_late50_20260702/business_technology_text/688662_1209468297_business_technology.txt,dewrap_join,THUDM/glm-4-9b-chat-hf,4000,68977,11.14152839467816,2021.0,glm4_dewrap_join_full543_20260705,siliconflow_glm4_32b_table2_next100_after200_shard4_20260708
688260,昀冢科技,1209468286,昀冢科技首次公开发行股票并在科创板上市招股说明书,2021-03-29,final_prospectus,https://static.cninfo.com.cn/finalpage/2021-03-29/1209468286.PDF,ok,data/raw/cninfo_ipo_prospectus_star_batch005_20260702/raw_pdf/2021-03-29_688260_昀冢科技_1209468286_昀冢科技首次公开发行股票并在科创板上市招股说明书.pdf,data/raw/cninfo_ipo_prospectus_star_batch005_20260702/text/2021-03-29_688260_昀冢科技_1209468286_昀冢科技首次公开发行股票并在科创板上市招股说明书.txt,ok,results/glm4_dewrap_rechunk_trial_20260705/dewrap_join/business_technology_text/688260_1209468286_business_technology.txt,96814.0,214789.0,742674,107333,99745,17,star_batch005_20260702,,,,,32.0,glm4_dewrap_join,4000.0,64760,14.0,results/star_token_proxy_250_late50_20260702/business_technology_text/688260_1209468286_business_technology.txt,dewrap_join,THUDM/glm-4-9b-chat-hf,4000,64760,11.078443407791571,2021.0,glm4_dewrap_join_full543_20260705,siliconflow_glm4_32b_table2_next100_after200_shard4_20260708
688191,智洋创新,1209567481,智洋创新首次公开发行股票并在科创板上市招股说明书,2021-04-01,final_prospectus,https://static.cninfo.com.cn/finalpage/2021-04-01/1209567481.PDF,ok,data/raw/cninfo_ipo_prospectus_star_batch005_20260702/raw_pdf/2021-04-01_688191_智洋创新_1209567481_智洋创新首次公开发行股票并在科创板上市招股说明书.pdf,data/raw/cninfo_ipo_prospectus_star_batch005_20260702/text/2021-04-01_688191_智洋创新_1209567481_智洋创新首次公开发行股票并在科创板上市招股说明书.txt,ok,results/glm4_dewrap_rechunk_trial_20260705/dewrap_join/business_technology_text/688191_1209567481_business_technology.txt,83993.0,206448.0,681988,111134,103151,18,star_batch005_20260702,,,,,34.0,glm4_dewrap_join,4000.0,67669,14.0,results/star_token_proxy_250_late50_20260702/business_technology_text/688191_1209567481_business_technology.txt,dewrap_join,THUDM/glm-4-9b-chat-hf,4000,67669,11.12238345151992,2021.0,glm4_dewrap_join_full543_20260705,siliconflow_glm4_32b_table2_next100_after200_shard4_20260708
688636,智明达,1209567497,智明达首次公开发行股票并在科创板上市招股说明书,2021-04-01,final_prospectus,https://static.cninfo.com.cn/finalpage/2021-04-01/1209567497.PDF,ok,data/raw/cninfo_ipo_prospectus_star_batch005_20260702/raw_pdf/2021-04-01_688636_智明达_1209567497_智明达首次公开发行股票并在科创板上市招股说明书.pdf,data/raw/cninfo_ipo_prospectus_star_batch005_20260702/text/2021-04-01_688636_智明达_1209567497_智明达首次公开发行股票并在科创板上市招股说明书.txt,ok,results/glm4_dewrap_rechunk_trial_20260705/dewrap_join/business_technology_text/688636_1209567497_business_technology.txt,75750.0,219070.0,646973,130333,120027,20,star_batch005_20260702,,,,,38.0,glm4_dewrap_join,4000.0,77644,16.0,results/star_token_proxy_250_late50_20260702/business_technology_text/688636_1209567497_business_technology.txt,dewrap_join,THUDM/glm-4-9b-chat-hf,4000,77644,11.259889555790982,2021.0,glm4_dewrap_join_full543_20260705,siliconflow_glm4_32b_table2_next100_after200_shard4_20260708
688468,科美诊断,1209626107,科美诊断首次公开发行股票并在科创板上市招股说明书,2021-04-02,final_prospectus,https://static.cninfo.com.cn/finalpage/2021-04-02/1209626107.PDF,ok,data/raw/cninfo_ipo_prospectus_star_batch005_20260702/raw_pdf/2021-04-02_688468_科美诊断_1209626107_科美诊断首次公开发行股票并在科创板上市招股说明书.pdf,data/raw/cninfo_ipo_prospectus_star_batch005_20260702/text/2021-04-02_688468_科美诊断_1209626107_科美诊断首次公开发行股票并在科创板上市招股说明书.txt,ok,results/glm4_dewrap_rechunk_trial_20260705/dewrap_join/business_technology_text/688468_1209626107_business_technology.txt,105566.0,224563.0,679981,106013,95381,17,star_batch005_20260702,,,,,32.0,glm4_dewrap_join,4000.0,64079,13.0,results/star_token_proxy_250_late50_20260702/business_technology_text/688468_1209626107_business_technology.txt,dewrap_join,THUDM/glm-4-9b-chat-hf,4000,64079,11.06787197612734,2021.0,glm4_dewrap_join_full543_20260705,siliconflow_glm4_32b_table2_next100_after200_shard4_20260708
688611,杭州柯林,1209638964,杭州柯林首次公开发行股票并在科创板上市招股说明书,2021-04-06,final_prospectus,https://static.cninfo.com.cn/finalpage/2021-04-06/1209638964.PDF,ok,data/raw/cninfo_ipo_prospectus_star_batch005_20260702/raw_pdf/2021-04-06_688611_杭州柯林_1209638964_杭州柯林首次公开发行股票并在科创板上市招股说明书.pdf,data/raw/cninfo_ipo_prospectus_star_batch005_20260702/text/2021-04-06_688611_杭州柯林_1209638964_杭州柯林首次公开发行股票并在科创板上市招股说明书.txt,ok,results/glm4_dewrap_rechunk_trial_20260705/dewrap_join/business_technology_text/688611_1209638964_business_technology.txt,62349.0,147462.0,581216,76406,71606,12,star_batch005_20260702,,,,,24.0,glm4_dewrap_join,4000.0,45549,10.0,results/star_token_proxy_250_late50_20260702/business_technology_text/688611_1209638964_business_technology.txt,dewrap_join,THUDM/glm-4-9b-chat-hf,4000,45549,10.726543948550296,2021.0,glm4_dewrap_join_full543_20260705,siliconflow_glm4_32b_table2_next100_after200_shard4_20260708
688683,莱尔科技,1209638967,莱尔科技首次公开发行股票并在科创板上市招股说明书,2021-04-06,final_prospectus,https://static.cninfo.com.cn/finalpage/2021-04-06/1209638967.PDF,ok,data/raw/cninfo_ipo_prospectus_star_batch005_20260702/raw_pdf/2021-04-06_688683_莱尔科技_1209638967_莱尔科技首次公开发行股票并在科创板上市招股说明书.pdf,data/raw/cninfo_ipo_prospectus_star_batch005_20260702/text/2021-04-06_688683_莱尔科技_1209638967_莱尔科技首次公开发行股票并在科创板上市招股说明书.txt,ok,results/glm4_dewrap_rechunk_trial_20260705/dewrap_join/business_technology_text/688683_1209638967_business_technology.txt,97098.0,206196.0,758947,98801,90376,16,star_batch005_20260702,,,,,30.0,glm4_dewrap_join,4000.0,62322,13.0,results/star_token_proxy_250_late50_20260702/business_technology_text/688683_1209638967_business_technology.txt,dewrap_join,THUDM/glm-4-9b-chat-hf,4000,62322,11.040069772455867,2021.0,glm4_dewrap_join_full543_20260705,siliconflow_glm4_32b_table2_next100_after200_shard4_20260708
688663,新风光,1209649781,新风光首次公开发行股票并在科创板上市招股说明书,2021-04-08,final_prospectus,https://static.cninfo.com.cn/finalpage/2021-04-08/1209649781.PDF,ok,data/raw/cninfo_ipo_prospectus_star_batch005_20260702/raw_pdf/2021-04-08_688663_新风光_1209649781_新风光首次公开发行股票并在科创板上市招股说明书.pdf,data/raw/cninfo_ipo_prospectus_star_batch005_20260702/text/2021-04-08_688663_新风光_1209649781_新风光首次公开发行股票并在科创板上市招股说明书.txt,ok,results/glm4_dewrap_rechunk_trial_20260705/dewrap_join/business_technology_text/688663_1209649781_business_technology.txt,88674.0,182535.0,688876,84797,77485,13,star_batch005_20260702,,,,,25.0,glm4_dewrap_join,4000.0,50338,11.0,results/star_token_proxy_250_late50_20260702/business_technology_text/688663_1209649781_business_technology.txt,dewrap_join,THUDM/glm-4-9b-chat-hf,4000,50338,10.826515538062948,2021.0,glm4_dewrap_join_full543_20260705,siliconflow_glm4_32b_table2_next100_after200_shard5_20260708
688533,上声电子,1209678374,上声电子首次公开发行股票并在科创板上市招股说明书,2021-04-13,final_prospectus,https://static.cninfo.com.cn/finalpage/2021-04-13/1209678374.PDF,ok,data/raw/cninfo_ipo_prospectus_star_batch005_20260702/raw_pdf/2021-04-13_688533_上声电子_1209678374_上声电子首次公开发行股票并在科创板上市招股说明书.pdf,data/raw/cninfo_ipo_prospectus_star_batch005_20260702/text/2021-04-13_688533_上声电子_1209678374_上声电子首次公开发行股票并在科创板上市招股说明书.txt,ok,results/glm4_dewrap_rechunk_trial_20260705/dewrap_join/business_technology_text/688533_1209678374_business_technology.txt,88772.0,171059.0,579887,75337,69272,12,star_batch005_20260702,,,,,22.0,glm4_dewrap_join,4000.0,45076,10.0,results/star_token_proxy_250_late50_20260702/business_technology_text/688533_1209678374_business_technology.txt,dewrap_join,THUDM/glm-4-9b-chat-hf,4000,45076,10.71610523307224,2021.0,glm4_dewrap_join_full543_20260705,siliconflow_glm4_32b_table2_next100_after200_shard5_20260708
688682,霍莱沃,1209690954,霍莱沃首次公开发行股票并在科创板上市招股说明书,2021-04-15,final_prospectus,https://static.cninfo.com.cn/finalpage/2021-04-15/1209690954.PDF,ok,data/raw/cninfo_ipo_prospectus_star_batch005_20260702/raw_pdf/2021-04-15_688682_霍莱沃_1209690954_霍莱沃首次公开发行股票并在科创板上市招股说明书.pdf,data/raw/cninfo_ipo_prospectus_star_batch005_20260702/text/2021-04-15_688682_霍莱沃_1209690954_霍莱沃首次公开发行股票并在科创板上市招股说明书.txt,ok,results/glm4_dewrap_rechunk_trial_20260705/dewrap_join/business_technology_text/688682_1209690954_business_technology.txt,74054.0,155579.0,568673,73859,68601,12,star_batch005_20260702,,,,,22.0,glm4_dewrap_join,4000.0,43910,10.0,results/star_token_proxy_250_late50_20260702/business_technology_text/688682_1209690954_business_technology.txt,dewrap_join,THUDM/glm-4-9b-chat-hf,4000,43910,10.689897363555763,2021.0,glm4_dewrap_join_full543_20260705,siliconflow_glm4_32b_table2_next100_after200_shard5_20260708
688201,信安世纪,1209690672,信安世纪首次公开发行股票并在科创板上市招股说明书,2021-04-15,final_prospectus,https://static.cninfo.com.cn/finalpage/2021-04-15/1209690672.PDF,ok,data/raw/cninfo_ipo_prospectus_star_batch005_20260702/raw_pdf/2021-04-15_688201_信安世纪_1209690672_信安世纪首次公开发行股票并在科创板上市招股说明书.pdf,data/raw/cninfo_ipo_prospectus_star_batch005_20260702/text/2021-04-15_688201_信安世纪_1209690672_信安世纪首次公开发行股票并在科创板上市招股说明书.txt,ok,results/glm4_dewrap_rechunk_trial_20260705/dewrap_join/business_technology_text/688201_1209690672_business_technology.txt,127463.0,244069.0,852935,105928,97840,16,star_batch005_20260702,,,,,32.0,glm4_dewrap_join,4000.0,61587,14.0,results/star_token_proxy_250_late50_20260702/business_technology_text/688201_1209690672_business_technology.txt,dewrap_join,THUDM/glm-4-9b-chat-hf,4000,61587,11.028206088288718,2021.0,glm4_dewrap_join_full543_20260705,siliconflow_glm4_32b_table2_next100_after200_shard5_20260708
688639,华恒生物,1209701347,华恒生物首次公开发行股票并在科创板上市招股说明书,2021-04-16,final_prospectus,https://static.cninfo.com.cn/finalpage/2021-04-16/1209701347.PDF,ok,data/raw/cninfo_ipo_prospectus_star_batch005_20260702/raw_pdf/2021-04-16_688639_华恒生物_1209701347_华恒生物首次公开发行股票并在科创板上市招股说明书.pdf,data/raw/cninfo_ipo_prospectus_star_batch005_20260702/text/2021-04-16_688639_华恒生物_1209701347_华恒生物首次公开发行股票并在科创板上市招股说明书.txt,ok,results/glm4_dewrap_rechunk_trial_20260705/dewrap_join/business_technology_text/688639_1209701347_business_technology.txt,89320.0,183548.0,592737,85872,79903,13,star_batch005_20260702,,,,,25.0,glm4_dewrap_join,4000.0,51089,11.0,results/star_token_proxy_250_late50_20260702/business_technology_text/688639_1209701347_business_technology.txt,dewrap_join,THUDM/glm-4-9b-chat-hf,4000,51089,10.841324488831267,2021.0,glm4_dewrap_join_full543_20260705,siliconflow_glm4_32b_table2_next100_after200_shard5_20260708
688323,瑞华泰,1209777027,瑞华泰首次公开发行股票并在科创板上市招股说明书,2021-04-23,final_prospectus,https://static.cninfo.com.cn/finalpage/2021-04-23/1209777027.PDF,ok,data/raw/cninfo_ipo_prospectus_star_batch005_20260702/raw_pdf/2021-04-23_688323_瑞华泰_1209777027_瑞华泰首次公开发行股票并在科创板上市招股说明书.pdf,data/raw/cninfo_ipo_prospectus_star_batch005_20260702/text/2021-04-23_688323_瑞华泰_1209777027_瑞华泰首次公开发行股票并在科创板上市招股说明书.txt,ok,results/glm4_dewrap_rechunk_trial_20260705/dewrap_join/business_technology_text/688323_1209777027_business_technology.txt,76422.0,140887.0,411498,58454,53974,10,star_batch005_20260702,,,,,18.0,glm4_dewrap_join,4000.0,36121,8.0,results/star_token_proxy_250_late50_20260702/business_technology_text/688323_1209777027_business_technology.txt,dewrap_join,THUDM/glm-4-9b-chat-hf,4000,36121,10.494629692640489,2021.0,glm4_dewrap_join_full543_20260705,siliconflow_glm4_32b_table2_next100_after200_shard5_20260708
688383,新益昌,1209777031,新益昌首次公开发行股票并在科创板上市招股说明书,2021-04-23,final_prospectus,https://static.cninfo.com.cn/finalpage/2021-04-23/1209777031.PDF,ok,data/raw/cninfo_ipo_prospectus_star_batch005_20260702/raw_pdf/2021-04-23_688383_新益昌_1209777031_新益昌首次公开发行股票并在科创板上市招股说明书.pdf,data/raw/cninfo_ipo_prospectus_star_batch005_20260702/text/2021-04-23_688383_新益昌_1209777031_新益昌首次公开发行股票并在科创板上市招股说明书.txt,ok,results/glm4_dewrap_rechunk_trial_20260705/dewrap_join/business_technology_text/688383_1209777031_business_technology.txt,72989.0,176375.0,639255,93946,85328,15,star_batch005_20260702,,,,,28.0,glm4_dewrap_join,4000.0,56682,12.0,results/star_token_proxy_250_late50_20260702/business_technology_text/688383_1209777031_business_technology.txt,dewrap_join,THUDM/glm-4-9b-chat-hf,4000,56682,10.94521197899719,2021.0,glm4_dewrap_join_full543_20260705,siliconflow_glm4_32b_table2_next100_after200_shard5_20260708
688395,正弦电气,1209777033,正弦电气首次公开发行股票并在科创板上市招股说明书,2021-04-23,final_prospectus,https://static.cninfo.com.cn/finalpage/2021-04-23/1209777033.PDF,ok,data/raw/cninfo_ipo_prospectus_star_batch005_20260702/raw_pdf/2021-04-23_688395_正弦电气_1209777033_正弦电气首次公开发行股票并在科创板上市招股说明书.pdf,data/raw/cninfo_ipo_prospectus_star_batch005_20260702/text/2021-04-23_688395_正弦电气_1209777033_正弦电气首次公开发行股票并在科创板上市招股说明书.txt,ok,results/glm4_dewrap_rechunk_trial_20260705/dewrap_join/business_technology_text/688395_1209777033_business_technology.txt,67500.0,137290.0,482406,65166,60116,11,star_batch005_20260702,,,,,19.0,glm4_dewrap_join,4000.0,38997,8.0,results/star_token_proxy_250_late50_20260702/business_technology_text/688395_1209777033_business_technology.txt,dewrap_join,THUDM/glm-4-9b-chat-hf,4000,38997,10.571239999076129,2021.0,glm4_dewrap_join_full543_20260705,siliconflow_glm4_32b_table2_next100_after200_shard5_20260708
688113,联测科技,1209845039,联测科技首次公开发行股票并在科创板上市招股说明书,2021-04-28,final_prospectus,https://static.cninfo.com.cn/finalpage/2021-04-28/1209845039.PDF,ok,data/raw/cninfo_ipo_prospectus_star_batch005_20260702/raw_pdf/2021-04-28_688113_联测科技_1209845039_联测科技首次公开发行股票并在科创板上市招股说明书.pdf,data/raw/cninfo_ipo_prospectus_star_batch005_20260702/text/2021-04-28_688113_联测科技_1209845039_联测科技首次公开发行股票并在科创板上市招股说明书.txt,ok,results/glm4_dewrap_rechunk_trial_20260705/dewrap_join/business_technology_text/688113_1209845039_business_technology.txt,86398.0,190639.0,604541,95049,89200,15,star_batch005_20260702,,,,,29.0,glm4_dewrap_join,4000.0,57482,12.0,results/star_token_proxy_250_late50_20260702/business_technology_text/688113_1209845039_business_technology.txt,dewrap_join,THUDM/glm-4-9b-chat-hf,4000,57482,10.959227134298844,2021.0,glm4_dewrap_join_full543_20260705,siliconflow_glm4_32b_table2_next100_after200_shard5_20260708
688655,迅捷兴,1209880526,迅捷兴首次公开发行股票并在科创板上市招股说明书,2021-04-30,final_prospectus,https://static.cninfo.com.cn/finalpage/2021-04-30/1209880526.PDF,ok,data/raw/cninfo_ipo_prospectus_star_batch005_20260702/raw_pdf/2021-04-30_688655_迅捷兴_1209880526_迅捷兴首次公开发行股票并在科创板上市招股说明书.pdf,data/raw/cninfo_ipo_prospectus_star_batch005_20260702/text/2021-04-30_688655_迅捷兴_1209880526_迅捷兴首次公开发行股票并在科创板上市招股说明书.txt,ok,results/glm4_dewrap_rechunk_trial_20260705/dewrap_join/business_technology_text/688655_1209880526_business_technology.txt,80990.0,195122.0,608760,104486,95843,17,star_batch005_20260702,,,,,31.0,glm4_dewrap_join,4000.0,65141,13.0,results/star_token_proxy_250_late50_20260702/business_technology_text/688655_1209880526_business_technology.txt,dewrap_join,THUDM/glm-4-9b-chat-hf,4000,65141,11.084309430262897,2021.0,glm4_dewrap_join_full543_20260705,siliconflow_glm4_32b_table2_next100_after200_shard5_20260708
688097,博众精工,1209925757,博众精工首次公开发行股票并在科创板上市招股说明书,2021-05-06,final_prospectus,https://static.cninfo.com.cn/finalpage/2021-05-06/1209925757.PDF,ok,data/raw/cninfo_ipo_prospectus_star_batch005_20260702/raw_pdf/2021-05-06_688097_博众精工_1209925757_博众精工首次公开发行股票并在科创板上市招股说明书.pdf,data/raw/cninfo_ipo_prospectus_star_batch005_20260702/text/2021-05-06_688097_博众精工_1209925757_博众精工首次公开发行股票并在科创板上市招股说明书.txt,ok,results/glm4_dewrap_rechunk_trial_20260705/dewrap_join/business_technology_text/688097_1209925757_business_technology.txt,135156.0,281642.0,1115120,134779,125427,20,star_batch005_20260702,,,,,39.0,glm4_dewrap_join,4000.0,76438,17.0,results/star_token_proxy_250_late50_20260702/business_technology_text/688097_1209925757_business_technology.txt,dewrap_join,THUDM/glm-4-9b-chat-hf,4000,76438,11.24423523370004,2021.0,glm4_dewrap_join_full543_20260705,siliconflow_glm4_32b_table2_next100_after200_shard5_20260708
688355,明志科技,1209936160,明志科技首次公开发行股票并在科创板上市招股说明书,2021-05-07,final_prospectus,https://static.cninfo.com.cn/finalpage/2021-05-07/1209936160.PDF,ok,data/raw/cninfo_ipo_prospectus_star_batch005_20260702/raw_pdf/2021-05-07_688355_明志科技_1209936160_明志科技首次公开发行股票并在科创板上市招股说明书.pdf,data/raw/cninfo_ipo_prospectus_star_batch005_20260702/text/2021-05-07_688355_明志科技_1209936160_明志科技首次公开发行股票并在科创板上市招股说明书.txt,ok,results/glm4_dewrap_rechunk_trial_20260705/dewrap_join/business_technology_text/688355_1209936160_business_technology.txt,65485.0,182034.0,606867,107948,100973,18,star_batch005_20260702,,,,,31.0,glm4_dewrap_join,4000.0,68021,14.0,results/star_token_proxy_250_late50_20260702/business_technology_text/688355_1209936160_business_technology.txt,dewrap_join,THUDM/glm-4-9b-chat-hf,4000,68021,11.127571760011485,2021.0,glm4_dewrap_join_full543_20260705,siliconflow_glm4_32b_table2_next100_after200_shard5_20260708
688565,力源科技,1209944605,力源科技首次公开发行股票并在科创板上市招股说明书,2021-05-10,final_prospectus,https://static.cninfo.com.cn/finalpage/2021-05-10/1209944605.PDF,ok,data/raw/cninfo_ipo_prospectus_star_batch005_20260702/raw_pdf/2021-05-10_688565_力源科技_1209944605_力源科技首次公开发行股票并在科创板上市招股说明书.pdf,data/raw/cninfo_ipo_prospectus_star_batch005_20260702/text/2021-05-10_688565_力源科技_1209944605_力源科技首次公开发行股票并在科创板上市招股说明书.txt,ok,results/glm4_dewrap_rechunk_trial_20260705/dewrap_join/business_technology_text/688565_1209944605_business_technology.txt,75229.0,171524.0,520875,85801,80064,14,star_batch005_20260702,,,,,25.0,glm4_dewrap_join,4000.0,51720,11.0,results/star_token_proxy_250_late50_20260702/business_technology_text/688565_1209944605_business_technology.txt,dewrap_join,THUDM/glm-4-9b-chat-hf,4000,51720,10.853599832885791,2021.0,glm4_dewrap_join_full543_20260705,siliconflow_glm4_32b_table2_next100_after200_shard5_20260708
688217,睿昂基因,1209949838,睿昂基因首次公开发行股票并在科创板上市招股说明书,2021-05-11,final_prospectus,https://static.cninfo.com.cn/finalpage/2021-05-11/1209949838.PDF,ok,data/raw/cninfo_ipo_prospectus_star_batch005_20260702/raw_pdf/2021-05-11_688217_睿昂基因_1209949838_睿昂基因首次公开发行股票并在科创板上市招股说明书.pdf,data/raw/cninfo_ipo_prospectus_star_batch005_20260702/text/2021-05-11_688217_睿昂基因_1209949838_睿昂基因首次公开发行股票并在科创板上市招股说明书.txt,ok_manual_page_anchor,results/glm4_dewrap_rechunk_trial_20260705/dewrap_join/business_technology_text/688217_1209949838_business_technology.txt,174627.0,390589.0,686721,99707,89623,16,star_batch005_20260702,manual_page_anchor_1-1-117_to_1-1-253,,,,0.0,glm4_dewrap_join,4000.0,59627,12.0,results/star_token_proxy_250_late50_20260702/business_technology_text/688217_1209949838_business_technology.txt,dewrap_join,THUDM/glm-4-9b-chat-hf,4000,59627,10.995863770605029,2021.0,glm4_dewrap_join_full543_20260705,siliconflow_glm4_32b_table2_next100_after200_shard5_20260708
688575,亚辉龙,1209953741,亚辉龙首次公开发行股票并在科创板上市招股说明书,2021-05-12,final_prospectus,https://static.cninfo.com.cn/finalpage/2021-05-12/1209953741.PDF,ok,data/raw/cninfo_ipo_prospectus_star_remaining_251_543_20260702/raw_pdf/2021-05-12_688575_亚辉龙_1209953741_亚辉龙首次公开发行股票并在科创板上市招股说明书.pdf,data/raw/cninfo_ipo_prospectus_star_remaining_251_543_20260702/text/2021-05-12_688575_亚辉龙_1209953741_亚辉龙首次公开发行股票并在科创板上市招股说明书.txt,ok,results/glm4_dewrap_rechunk_trial_20260705/dewrap_join/business_technology_text/688575_1209953741_business_technology.txt,121808.0,305791.0,836312,163206,150030,26,star_remaining_251_543_20260702,,,,,,glm4_dewrap_join,4000.0,97329,21.0,results/star_token_proxy_full_2019_2023_20260702/business_technology_text/688575_1209953741_business_technology.txt,dewrap_join,THUDM/glm-4-9b-chat-hf,4000,97329,11.485852271043296,2021.0,glm4_dewrap_join_full543_20260705,siliconflow_glm4_32b_table2_next100_after200_shard5_20260708
688314,康拓医疗,1209958252,康拓医疗首次公开发行股票并在科创板上市招股说明书,2021-05-13,final_prospectus,https://static.cninfo.com.cn/finalpage/2021-05-13/1209958252.PDF,ok,data/raw/cninfo_ipo_prospectus_star_remaining_251_543_20260702/raw_pdf/2021-05-13_688314_康拓医疗_1209958252_康拓医疗首次公开发行股票并在科创板上市招股说明书.pdf,data/raw/cninfo_ipo_prospectus_star_remaining_251_543_20260702/text/2021-05-13_688314_康拓医疗_1209958252_康拓医疗首次公开发行股票并在科创板上市招股说明书.txt,ok,results/glm4_dewrap_rechunk_trial_20260705/dewrap_join/business_technology_text/688314_1209958252_business_technology.txt,77594.0,160499.0,534464,74902,68637,12,star_remaining_251_543_20260702,,,,,,glm4_dewrap_join,4000.0,45005,10.0,results/star_token_proxy_full_2019_2023_20260702/business_technology_text/688314_1209958252_business_technology.txt,dewrap_join,THUDM/glm-4-9b-chat-hf,4000,45005,10.714528873691185,2021.0,glm4_dewrap_join_full543_20260705,siliconflow_glm4_32b_table2_next100_after200_shard5_20260708
688660,电气风电,1209958256,电气风电首次公开发行股票并在科创板上市招股说明书,2021-05-13,final_prospectus,https://static.cninfo.com.cn/finalpage/2021-05-13/1209958256.PDF,ok,data/raw/cninfo_ipo_prospectus_star_remaining_251_543_20260702/raw_pdf/2021-05-13_688660_电气风电_1209958256_电气风电首次公开发行股票并在科创板上市招股说明书.pdf,data/raw/cninfo_ipo_prospectus_star_remaining_251_543_20260702/text/2021-05-13_688660_电气风电_1209958256_电气风电首次公开发行股票并在科创板上市招股说明书.txt,ok,results/glm4_dewrap_rechunk_trial_20260705/dewrap_join/business_technology_text/688660_1209958256_business_technology.txt,125073.0,270011.0,915988,132942,120822,21,star_remaining_251_543_20260702,,,,,,glm4_dewrap_join,4000.0,80229,17.0,results/star_token_proxy_full_2019_2023_20260702/business_technology_text/688660_1209958256_business_technology.txt,dewrap_join,THUDM/glm-4-9b-chat-hf,4000,80229,11.292640324504498,2021.0,glm4_dewrap_join_full543_20260705,siliconflow_glm4_32b_table2_next100_after200_shard5_20260708
688076,诺泰生物,1209971356,诺泰生物首次公开发行股票并在科创板上市招股说明书,2021-05-14,final_prospectus,https://static.cninfo.com.cn/finalpage/2021-05-14/1209971356.PDF,ok,data/raw/cninfo_ipo_prospectus_star_remaining_251_543_20260702/raw_pdf/2021-05-14_688076_诺泰生物_1209971356_诺泰生物首次公开发行股票并在科创板上市招股说明书.pdf,data/raw/cninfo_ipo_prospectus_star_remaining_251_543_20260702/text/2021-05-14_688076_诺泰生物_1209971356_诺泰生物首次公开发行股票并在科创板上市招股说明书.txt,ok,results/glm4_dewrap_rechunk_trial_20260705/dewrap_join/business_technology_text/688076_1209971356_business_technology.txt,135115.0,320653.0,911896,170891,158881,27,star_remaining_251_543_20260702,,,,,,glm4_dewrap_join,4000.0,102806,22.0,results/star_token_proxy_full_2019_2023_20260702/business_technology_text/688076_1209971356_business_technology.txt,dewrap_join,THUDM/glm-4-9b-chat-hf,4000,102806,11.540598996058742,2021.0,glm4_dewrap_join_full543_20260705,siliconflow_glm4_32b_table2_next100_after200_shard5_20260708
688359,三孚新科,1209996037,三孚新科首次公开发行股票并在科创板上市招股说明书,2021-05-18,final_prospectus,https://static.cninfo.com.cn/finalpage/2021-05-18/1209996037.PDF,ok,data/raw/cninfo_ipo_prospectus_star_remaining_251_543_20260702/raw_pdf/2021-05-18_688359_三孚新科_1209996037_三孚新科首次公开发行股票并在科创板上市招股说明书.pdf,data/raw/cninfo_ipo_prospectus_star_remaining_251_543_20260702/text/2021-05-18_688359_三孚新科_1209996037_三孚新科首次公开发行股票并在科创板上市招股说明书.txt,ok,results/glm4_dewrap_rechunk_trial_20260705/dewrap_join/business_technology_text/688359_1209996037_business_technology.txt,75834.0,173875.0,578558,89266,82122,15,star_remaining_251_543_20260702,,,,,,glm4_dewrap_join,4000.0,55977,11.0,results/star_token_proxy_full_2019_2023_20260702/business_technology_text/688359_1209996037_business_technology.txt,dewrap_join,THUDM/glm-4-9b-chat-hf,4000,55977,10.93269617106536,2021.0,glm4_dewrap_join_full543_20260705,siliconflow_glm4_32b_table2_next100_after200_shard5_20260708
688613,奥精医疗,1209983435,奥精医疗首次公开发行股票并在科创板上市招股说明书,2021-05-17,final_prospectus,https://static.cninfo.com.cn/finalpage/2021-05-17/1209983435.PDF,ok,data/raw/cninfo_ipo_prospectus_star_remaining_251_543_20260702/raw_pdf/2021-05-17_688613_奥精医疗_1209983435_奥精医疗首次公开发行股票并在科创板上市招股说明书.pdf,data/raw/cninfo_ipo_prospectus_star_remaining_251_543_20260702/text/2021-05-17_688613_奥精医疗_1209983435_奥精医疗首次公开发行股票并在科创板上市招股说明书.txt,ok,results/glm4_dewrap_rechunk_trial_20260705/dewrap_join/business_technology_text/688613_1209983435_business_technology.txt,109010.0,223083.0,629942,104036,95891,16,star_remaining_251_543_20260702,,,,,,glm4_dewrap_join,4000.0,61495,13.0,results/star_token_proxy_full_2019_2023_20260702/business_technology_text/688613_1209983435_business_technology.txt,dewrap_join,THUDM/glm-4-9b-chat-hf,4000,61495,11.02671114967651,2021.0,glm4_dewrap_join_full543_20260705,siliconflow_glm4_32b_table2_next100_after200_shard5_20260708
