custom_id,sec_code,sec_name,announcement_id,chunk_index,chunk_count,chunk_file,normalization_mode,tokenizer,max_tokens,chunk_chars,chunk_compact_chars,chunk_glm4_tokens,Text_len,Chunk_num,chunk_token_proxy,source_dir
688001_1206416030_glm4_dewrap_join_chunk_0001,688001,华兴源创,1206416030,1,17,results/glm4_dewrap_join_first_batch25_20260706/chunks/688001_1206416030_glm4_dewrap_join_chunk_0001.txt,dewrap_join,THUDM/glm-4-9b-chat-hf,4000,6912,6500,3983,3983,17,3983,glm4_dewrap_join_first_batch25_20260706
688001_1206416030_glm4_dewrap_join_chunk_0002,688001,华兴源创,1206416030,2,17,results/glm4_dewrap_join_first_batch25_20260706/chunks/688001_1206416030_glm4_dewrap_join_chunk_0002.txt,dewrap_join,THUDM/glm-4-9b-chat-hf,4000,7159,6640,3998,3998,17,3998,glm4_dewrap_join_first_batch25_20260706
688001_1206416030_glm4_dewrap_join_chunk_0003,688001,华兴源创,1206416030,3,17,results/glm4_dewrap_join_first_batch25_20260706/chunks/688001_1206416030_glm4_dewrap_join_chunk_0003.txt,dewrap_join,THUDM/glm-4-9b-chat-hf,4000,6992,6483,3996,3996,17,3996,glm4_dewrap_join_first_batch25_20260706
688001_1206416030_glm4_dewrap_join_chunk_0004,688001,华兴源创,1206416030,4,17,results/glm4_dewrap_join_first_batch25_20260706/chunks/688001_1206416030_glm4_dewrap_join_chunk_0004.txt,dewrap_join,THUDM/glm-4-9b-chat-hf,4000,7168,6718,3996,3996,17,3996,glm4_dewrap_join_first_batch25_20260706
688001_1206416030_glm4_dewrap_join_chunk_0005,688001,华兴源创,1206416030,5,17,results/glm4_dewrap_join_first_batch25_20260706/chunks/688001_1206416030_glm4_dewrap_join_chunk_0005.txt,dewrap_join,THUDM/glm-4-9b-chat-hf,4000,7012,6625,3799,3799,17,3799,glm4_dewrap_join_first_batch25_20260706
688001_1206416030_glm4_dewrap_join_chunk_0006,688001,华兴源创,1206416030,6,17,results/glm4_dewrap_join_first_batch25_20260706/chunks/688001_1206416030_glm4_dewrap_join_chunk_0006.txt,dewrap_join,THUDM/glm-4-9b-chat-hf,4000,7019,6554,3940,3940,17,3940,glm4_dewrap_join_first_batch25_20260706
688001_1206416030_glm4_dewrap_join_chunk_0007,688001,华兴源创,1206416030,7,17,results/glm4_dewrap_join_first_batch25_20260706/chunks/688001_1206416030_glm4_dewrap_join_chunk_0007.txt,dewrap_join,THUDM/glm-4-9b-chat-hf,4000,6900,6435,3991,3991,17,3991,glm4_dewrap_join_first_batch25_20260706
688001_1206416030_glm4_dewrap_join_chunk_0008,688001,华兴源创,1206416030,8,17,results/glm4_dewrap_join_first_batch25_20260706/chunks/688001_1206416030_glm4_dewrap_join_chunk_0008.txt,dewrap_join,THUDM/glm-4-9b-chat-hf,4000,7500,7155,3994,3994,17,3994,glm4_dewrap_join_first_batch25_20260706
688001_1206416030_glm4_dewrap_join_chunk_0009,688001,华兴源创,1206416030,9,17,results/glm4_dewrap_join_first_batch25_20260706/chunks/688001_1206416030_glm4_dewrap_join_chunk_0009.txt,dewrap_join,THUDM/glm-4-9b-chat-hf,4000,6633,6012,3972,3972,17,3972,glm4_dewrap_join_first_batch25_20260706
688001_1206416030_glm4_dewrap_join_chunk_0010,688001,华兴源创,1206416030,10,17,results/glm4_dewrap_join_first_batch25_20260706/chunks/688001_1206416030_glm4_dewrap_join_chunk_0010.txt,dewrap_join,THUDM/glm-4-9b-chat-hf,4000,6090,5292,3978,3978,17,3978,glm4_dewrap_join_first_batch25_20260706
688001_1206416030_glm4_dewrap_join_chunk_0011,688001,华兴源创,1206416030,11,17,results/glm4_dewrap_join_first_batch25_20260706/chunks/688001_1206416030_glm4_dewrap_join_chunk_0011.txt,dewrap_join,THUDM/glm-4-9b-chat-hf,4000,6378,5756,3784,3784,17,3784,glm4_dewrap_join_first_batch25_20260706
688001_1206416030_glm4_dewrap_join_chunk_0012,688001,华兴源创,1206416030,12,17,results/glm4_dewrap_join_first_batch25_20260706/chunks/688001_1206416030_glm4_dewrap_join_chunk_0012.txt,dewrap_join,THUDM/glm-4-9b-chat-hf,4000,6060,5225,3855,3855,17,3855,glm4_dewrap_join_first_batch25_20260706
688001_1206416030_glm4_dewrap_join_chunk_0013,688001,华兴源创,1206416030,13,17,results/glm4_dewrap_join_first_batch25_20260706/chunks/688001_1206416030_glm4_dewrap_join_chunk_0013.txt,dewrap_join,THUDM/glm-4-9b-chat-hf,4000,6180,5139,3978,3978,17,3978,glm4_dewrap_join_first_batch25_20260706
688001_1206416030_glm4_dewrap_join_chunk_0014,688001,华兴源创,1206416030,14,17,results/glm4_dewrap_join_first_batch25_20260706/chunks/688001_1206416030_glm4_dewrap_join_chunk_0014.txt,dewrap_join,THUDM/glm-4-9b-chat-hf,4000,6192,5602,3952,3952,17,3952,glm4_dewrap_join_first_batch25_20260706
688001_1206416030_glm4_dewrap_join_chunk_0015,688001,华兴源创,1206416030,15,17,results/glm4_dewrap_join_first_batch25_20260706/chunks/688001_1206416030_glm4_dewrap_join_chunk_0015.txt,dewrap_join,THUDM/glm-4-9b-chat-hf,4000,6957,6450,3998,3998,17,3998,glm4_dewrap_join_first_batch25_20260706
688001_1206416030_glm4_dewrap_join_chunk_0016,688001,华兴源创,1206416030,16,17,results/glm4_dewrap_join_first_batch25_20260706/chunks/688001_1206416030_glm4_dewrap_join_chunk_0016.txt,dewrap_join,THUDM/glm-4-9b-chat-hf,4000,7382,6852,3990,3990,17,3990,glm4_dewrap_join_first_batch25_20260706
688001_1206416030_glm4_dewrap_join_chunk_0017,688001,华兴源创,1206416030,17,17,results/glm4_dewrap_join_first_batch25_20260706/chunks/688001_1206416030_glm4_dewrap_join_chunk_0017.txt,dewrap_join,THUDM/glm-4-9b-chat-hf,4000,5870,5460,3237,3237,17,3237,glm4_dewrap_join_first_batch25_20260706
688005_1206447899_glm4_dewrap_join_chunk_0001,688005,容百科技,1206447899,1,12,results/glm4_dewrap_join_first_batch25_20260706/chunks/688005_1206447899_glm4_dewrap_join_chunk_0001.txt,dewrap_join,THUDM/glm-4-9b-chat-hf,4000,6591,6213,3997,3997,12,3997,glm4_dewrap_join_first_batch25_20260706
688005_1206447899_glm4_dewrap_join_chunk_0002,688005,容百科技,1206447899,2,12,results/glm4_dewrap_join_first_batch25_20260706/chunks/688005_1206447899_glm4_dewrap_join_chunk_0002.txt,dewrap_join,THUDM/glm-4-9b-chat-hf,4000,6801,6499,3918,3918,12,3918,glm4_dewrap_join_first_batch25_20260706
688005_1206447899_glm4_dewrap_join_chunk_0003,688005,容百科技,1206447899,3,12,results/glm4_dewrap_join_first_batch25_20260706/chunks/688005_1206447899_glm4_dewrap_join_chunk_0003.txt,dewrap_join,THUDM/glm-4-9b-chat-hf,4000,6769,6268,3996,3996,12,3996,glm4_dewrap_join_first_batch25_20260706
688005_1206447899_glm4_dewrap_join_chunk_0004,688005,容百科技,1206447899,4,12,results/glm4_dewrap_join_first_batch25_20260706/chunks/688005_1206447899_glm4_dewrap_join_chunk_0004.txt,dewrap_join,THUDM/glm-4-9b-chat-hf,4000,7080,6709,3991,3991,12,3991,glm4_dewrap_join_first_batch25_20260706
688005_1206447899_glm4_dewrap_join_chunk_0005,688005,容百科技,1206447899,5,12,results/glm4_dewrap_join_first_batch25_20260706/chunks/688005_1206447899_glm4_dewrap_join_chunk_0005.txt,dewrap_join,THUDM/glm-4-9b-chat-hf,4000,6883,6504,3965,3965,12,3965,glm4_dewrap_join_first_batch25_20260706
688005_1206447899_glm4_dewrap_join_chunk_0006,688005,容百科技,1206447899,6,12,results/glm4_dewrap_join_first_batch25_20260706/chunks/688005_1206447899_glm4_dewrap_join_chunk_0006.txt,dewrap_join,THUDM/glm-4-9b-chat-hf,4000,6859,6442,3992,3992,12,3992,glm4_dewrap_join_first_batch25_20260706
688005_1206447899_glm4_dewrap_join_chunk_0007,688005,容百科技,1206447899,7,12,results/glm4_dewrap_join_first_batch25_20260706/chunks/688005_1206447899_glm4_dewrap_join_chunk_0007.txt,dewrap_join,THUDM/glm-4-9b-chat-hf,4000,6844,6364,3992,3992,12,3992,glm4_dewrap_join_first_batch25_20260706
688005_1206447899_glm4_dewrap_join_chunk_0008,688005,容百科技,1206447899,8,12,results/glm4_dewrap_join_first_batch25_20260706/chunks/688005_1206447899_glm4_dewrap_join_chunk_0008.txt,dewrap_join,THUDM/glm-4-9b-chat-hf,4000,6403,5853,3973,3973,12,3973,glm4_dewrap_join_first_batch25_20260706
688005_1206447899_glm4_dewrap_join_chunk_0009,688005,容百科技,1206447899,9,12,results/glm4_dewrap_join_first_batch25_20260706/chunks/688005_1206447899_glm4_dewrap_join_chunk_0009.txt,dewrap_join,THUDM/glm-4-9b-chat-hf,4000,6190,5539,3992,3992,12,3992,glm4_dewrap_join_first_batch25_20260706
688005_1206447899_glm4_dewrap_join_chunk_0010,688005,容百科技,1206447899,10,12,results/glm4_dewrap_join_first_batch25_20260706/chunks/688005_1206447899_glm4_dewrap_join_chunk_0010.txt,dewrap_join,THUDM/glm-4-9b-chat-hf,4000,6148,5597,3965,3965,12,3965,glm4_dewrap_join_first_batch25_20260706
688005_1206447899_glm4_dewrap_join_chunk_0011,688005,容百科技,1206447899,11,12,results/glm4_dewrap_join_first_batch25_20260706/chunks/688005_1206447899_glm4_dewrap_join_chunk_0011.txt,dewrap_join,THUDM/glm-4-9b-chat-hf,4000,6602,6173,3971,3971,12,3971,glm4_dewrap_join_first_batch25_20260706
688005_1206447899_glm4_dewrap_join_chunk_0012,688005,容百科技,1206447899,12,12,results/glm4_dewrap_join_first_batch25_20260706/chunks/688005_1206447899_glm4_dewrap_join_chunk_0012.txt,dewrap_join,THUDM/glm-4-9b-chat-hf,4000,6857,6532,3989,3989,12,3989,glm4_dewrap_join_first_batch25_20260706
688008_1206441634_glm4_dewrap_join_chunk_0001,688008,澜起科技,1206441634,1,10,results/glm4_dewrap_join_first_batch25_20260706/chunks/688008_1206441634_glm4_dewrap_join_chunk_0001.txt,dewrap_join,THUDM/glm-4-9b-chat-hf,4000,7073,6686,3964,3964,10,3964,glm4_dewrap_join_first_batch25_20260706
688008_1206441634_glm4_dewrap_join_chunk_0002,688008,澜起科技,1206441634,2,10,results/glm4_dewrap_join_first_batch25_20260706/chunks/688008_1206441634_glm4_dewrap_join_chunk_0002.txt,dewrap_join,THUDM/glm-4-9b-chat-hf,4000,7294,6986,3939,3939,10,3939,glm4_dewrap_join_first_batch25_20260706
688008_1206441634_glm4_dewrap_join_chunk_0003,688008,澜起科技,1206441634,3,10,results/glm4_dewrap_join_first_batch25_20260706/chunks/688008_1206441634_glm4_dewrap_join_chunk_0003.txt,dewrap_join,THUDM/glm-4-9b-chat-hf,4000,6518,5906,3796,3796,10,3796,glm4_dewrap_join_first_batch25_20260706
688008_1206441634_glm4_dewrap_join_chunk_0004,688008,澜起科技,1206441634,4,10,results/glm4_dewrap_join_first_batch25_20260706/chunks/688008_1206441634_glm4_dewrap_join_chunk_0004.txt,dewrap_join,THUDM/glm-4-9b-chat-hf,4000,7188,6667,3985,3985,10,3985,glm4_dewrap_join_first_batch25_20260706
688008_1206441634_glm4_dewrap_join_chunk_0005,688008,澜起科技,1206441634,5,10,results/glm4_dewrap_join_first_batch25_20260706/chunks/688008_1206441634_glm4_dewrap_join_chunk_0005.txt,dewrap_join,THUDM/glm-4-9b-chat-hf,4000,7207,6670,3970,3970,10,3970,glm4_dewrap_join_first_batch25_20260706
688008_1206441634_glm4_dewrap_join_chunk_0006,688008,澜起科技,1206441634,6,10,results/glm4_dewrap_join_first_batch25_20260706/chunks/688008_1206441634_glm4_dewrap_join_chunk_0006.txt,dewrap_join,THUDM/glm-4-9b-chat-hf,4000,6402,5884,3892,3892,10,3892,glm4_dewrap_join_first_batch25_20260706
688008_1206441634_glm4_dewrap_join_chunk_0007,688008,澜起科技,1206441634,7,10,results/glm4_dewrap_join_first_batch25_20260706/chunks/688008_1206441634_glm4_dewrap_join_chunk_0007.txt,dewrap_join,THUDM/glm-4-9b-chat-hf,4000,5917,5189,3872,3872,10,3872,glm4_dewrap_join_first_batch25_20260706
688008_1206441634_glm4_dewrap_join_chunk_0008,688008,澜起科技,1206441634,8,10,results/glm4_dewrap_join_first_batch25_20260706/chunks/688008_1206441634_glm4_dewrap_join_chunk_0008.txt,dewrap_join,THUDM/glm-4-9b-chat-hf,4000,6869,6166,3575,3575,10,3575,glm4_dewrap_join_first_batch25_20260706
688008_1206441634_glm4_dewrap_join_chunk_0009,688008,澜起科技,1206441634,9,10,results/glm4_dewrap_join_first_batch25_20260706/chunks/688008_1206441634_glm4_dewrap_join_chunk_0009.txt,dewrap_join,THUDM/glm-4-9b-chat-hf,4000,7008,6486,3953,3953,10,3953,glm4_dewrap_join_first_batch25_20260706
688008_1206441634_glm4_dewrap_join_chunk_0010,688008,澜起科技,1206441634,10,10,results/glm4_dewrap_join_first_batch25_20260706/chunks/688008_1206441634_glm4_dewrap_join_chunk_0010.txt,dewrap_join,THUDM/glm-4-9b-chat-hf,4000,5026,4771,2678,2678,10,2678,glm4_dewrap_join_first_batch25_20260706
688011_1206447906_glm4_dewrap_join_chunk_0001,688011,新光光电,1206447906,1,16,results/glm4_dewrap_join_first_batch25_20260706/chunks/688011_1206447906_glm4_dewrap_join_chunk_0001.txt,dewrap_join,THUDM/glm-4-9b-chat-hf,4000,6727,6444,3986,3986,16,3986,glm4_dewrap_join_first_batch25_20260706
688011_1206447906_glm4_dewrap_join_chunk_0002,688011,新光光电,1206447906,2,16,results/glm4_dewrap_join_first_batch25_20260706/chunks/688011_1206447906_glm4_dewrap_join_chunk_0002.txt,dewrap_join,THUDM/glm-4-9b-chat-hf,4000,6636,6378,3967,3967,16,3967,glm4_dewrap_join_first_batch25_20260706
688011_1206447906_glm4_dewrap_join_chunk_0003,688011,新光光电,1206447906,3,16,results/glm4_dewrap_join_first_batch25_20260706/chunks/688011_1206447906_glm4_dewrap_join_chunk_0003.txt,dewrap_join,THUDM/glm-4-9b-chat-hf,4000,7128,6890,3985,3985,16,3985,glm4_dewrap_join_first_batch25_20260706
688011_1206447906_glm4_dewrap_join_chunk_0004,688011,新光光电,1206447906,4,16,results/glm4_dewrap_join_first_batch25_20260706/chunks/688011_1206447906_glm4_dewrap_join_chunk_0004.txt,dewrap_join,THUDM/glm-4-9b-chat-hf,4000,7118,6758,3992,3992,16,3992,glm4_dewrap_join_first_batch25_20260706
688011_1206447906_glm4_dewrap_join_chunk_0005,688011,新光光电,1206447906,5,16,results/glm4_dewrap_join_first_batch25_20260706/chunks/688011_1206447906_glm4_dewrap_join_chunk_0005.txt,dewrap_join,THUDM/glm-4-9b-chat-hf,4000,7215,6882,3983,3983,16,3983,glm4_dewrap_join_first_batch25_20260706
688011_1206447906_glm4_dewrap_join_chunk_0006,688011,新光光电,1206447906,6,16,results/glm4_dewrap_join_first_batch25_20260706/chunks/688011_1206447906_glm4_dewrap_join_chunk_0006.txt,dewrap_join,THUDM/glm-4-9b-chat-hf,4000,7172,6919,3991,3991,16,3991,glm4_dewrap_join_first_batch25_20260706
688011_1206447906_glm4_dewrap_join_chunk_0007,688011,新光光电,1206447906,7,16,results/glm4_dewrap_join_first_batch25_20260706/chunks/688011_1206447906_glm4_dewrap_join_chunk_0007.txt,dewrap_join,THUDM/glm-4-9b-chat-hf,4000,6840,6507,3991,3991,16,3991,glm4_dewrap_join_first_batch25_20260706
688011_1206447906_glm4_dewrap_join_chunk_0008,688011,新光光电,1206447906,8,16,results/glm4_dewrap_join_first_batch25_20260706/chunks/688011_1206447906_glm4_dewrap_join_chunk_0008.txt,dewrap_join,THUDM/glm-4-9b-chat-hf,4000,6794,6437,3808,3808,16,3808,glm4_dewrap_join_first_batch25_20260706
688011_1206447906_glm4_dewrap_join_chunk_0009,688011,新光光电,1206447906,9,16,results/glm4_dewrap_join_first_batch25_20260706/chunks/688011_1206447906_glm4_dewrap_join_chunk_0009.txt,dewrap_join,THUDM/glm-4-9b-chat-hf,4000,5900,5230,3674,3674,16,3674,glm4_dewrap_join_first_batch25_20260706
688011_1206447906_glm4_dewrap_join_chunk_0010,688011,新光光电,1206447906,10,16,results/glm4_dewrap_join_first_batch25_20260706/chunks/688011_1206447906_glm4_dewrap_join_chunk_0010.txt,dewrap_join,THUDM/glm-4-9b-chat-hf,4000,6167,5275,3959,3959,16,3959,glm4_dewrap_join_first_batch25_20260706
688011_1206447906_glm4_dewrap_join_chunk_0011,688011,新光光电,1206447906,11,16,results/glm4_dewrap_join_first_batch25_20260706/chunks/688011_1206447906_glm4_dewrap_join_chunk_0011.txt,dewrap_join,THUDM/glm-4-9b-chat-hf,4000,6034,5611,3996,3996,16,3996,glm4_dewrap_join_first_batch25_20260706
688011_1206447906_glm4_dewrap_join_chunk_0012,688011,新光光电,1206447906,12,16,results/glm4_dewrap_join_first_batch25_20260706/chunks/688011_1206447906_glm4_dewrap_join_chunk_0012.txt,dewrap_join,THUDM/glm-4-9b-chat-hf,4000,6142,5585,3880,3880,16,3880,glm4_dewrap_join_first_batch25_20260706
688011_1206447906_glm4_dewrap_join_chunk_0013,688011,新光光电,1206447906,13,16,results/glm4_dewrap_join_first_batch25_20260706/chunks/688011_1206447906_glm4_dewrap_join_chunk_0013.txt,dewrap_join,THUDM/glm-4-9b-chat-hf,4000,5618,4869,3977,3977,16,3977,glm4_dewrap_join_first_batch25_20260706
688011_1206447906_glm4_dewrap_join_chunk_0014,688011,新光光电,1206447906,14,16,results/glm4_dewrap_join_first_batch25_20260706/chunks/688011_1206447906_glm4_dewrap_join_chunk_0014.txt,dewrap_join,THUDM/glm-4-9b-chat-hf,4000,6333,5962,3977,3977,16,3977,glm4_dewrap_join_first_batch25_20260706
688011_1206447906_glm4_dewrap_join_chunk_0015,688011,新光光电,1206447906,15,16,results/glm4_dewrap_join_first_batch25_20260706/chunks/688011_1206447906_glm4_dewrap_join_chunk_0015.txt,dewrap_join,THUDM/glm-4-9b-chat-hf,4000,6463,6017,3961,3961,16,3961,glm4_dewrap_join_first_batch25_20260706
688011_1206447906_glm4_dewrap_join_chunk_0016,688011,新光光电,1206447906,16,16,results/glm4_dewrap_join_first_batch25_20260706/chunks/688011_1206447906_glm4_dewrap_join_chunk_0016.txt,dewrap_join,THUDM/glm-4-9b-chat-hf,4000,2993,2884,1558,1558,16,1558,glm4_dewrap_join_first_batch25_20260706
688016_1206452544_glm4_dewrap_join_chunk_0001,688016,心脉医疗,1206452544,1,15,results/glm4_dewrap_join_first_batch25_20260706/chunks/688016_1206452544_glm4_dewrap_join_chunk_0001.txt,dewrap_join,THUDM/glm-4-9b-chat-hf,4000,6861,6273,3992,3992,15,3992,glm4_dewrap_join_first_batch25_20260706
688016_1206452544_glm4_dewrap_join_chunk_0002,688016,心脉医疗,1206452544,2,15,results/glm4_dewrap_join_first_batch25_20260706/chunks/688016_1206452544_glm4_dewrap_join_chunk_0002.txt,dewrap_join,THUDM/glm-4-9b-chat-hf,4000,7011,6308,3995,3995,15,3995,glm4_dewrap_join_first_batch25_20260706
688016_1206452544_glm4_dewrap_join_chunk_0003,688016,心脉医疗,1206452544,3,15,results/glm4_dewrap_join_first_batch25_20260706/chunks/688016_1206452544_glm4_dewrap_join_chunk_0003.txt,dewrap_join,THUDM/glm-4-9b-chat-hf,4000,7430,6863,3995,3995,15,3995,glm4_dewrap_join_first_batch25_20260706
688016_1206452544_glm4_dewrap_join_chunk_0004,688016,心脉医疗,1206452544,4,15,results/glm4_dewrap_join_first_batch25_20260706/chunks/688016_1206452544_glm4_dewrap_join_chunk_0004.txt,dewrap_join,THUDM/glm-4-9b-chat-hf,4000,7038,6420,3997,3997,15,3997,glm4_dewrap_join_first_batch25_20260706
688016_1206452544_glm4_dewrap_join_chunk_0005,688016,心脉医疗,1206452544,5,15,results/glm4_dewrap_join_first_batch25_20260706/chunks/688016_1206452544_glm4_dewrap_join_chunk_0005.txt,dewrap_join,THUDM/glm-4-9b-chat-hf,4000,6703,5932,3957,3957,15,3957,glm4_dewrap_join_first_batch25_20260706
688016_1206452544_glm4_dewrap_join_chunk_0006,688016,心脉医疗,1206452544,6,15,results/glm4_dewrap_join_first_batch25_20260706/chunks/688016_1206452544_glm4_dewrap_join_chunk_0006.txt,dewrap_join,THUDM/glm-4-9b-chat-hf,4000,6859,6245,3983,3983,15,3983,glm4_dewrap_join_first_batch25_20260706
688016_1206452544_glm4_dewrap_join_chunk_0007,688016,心脉医疗,1206452544,7,15,results/glm4_dewrap_join_first_batch25_20260706/chunks/688016_1206452544_glm4_dewrap_join_chunk_0007.txt,dewrap_join,THUDM/glm-4-9b-chat-hf,4000,7339,6704,3999,3999,15,3999,glm4_dewrap_join_first_batch25_20260706
688016_1206452544_glm4_dewrap_join_chunk_0008,688016,心脉医疗,1206452544,8,15,results/glm4_dewrap_join_first_batch25_20260706/chunks/688016_1206452544_glm4_dewrap_join_chunk_0008.txt,dewrap_join,THUDM/glm-4-9b-chat-hf,4000,7053,6381,3984,3984,15,3984,glm4_dewrap_join_first_batch25_20260706
688016_1206452544_glm4_dewrap_join_chunk_0009,688016,心脉医疗,1206452544,9,15,results/glm4_dewrap_join_first_batch25_20260706/chunks/688016_1206452544_glm4_dewrap_join_chunk_0009.txt,dewrap_join,THUDM/glm-4-9b-chat-hf,4000,6991,6187,3983,3983,15,3983,glm4_dewrap_join_first_batch25_20260706
688016_1206452544_glm4_dewrap_join_chunk_0010,688016,心脉医疗,1206452544,10,15,results/glm4_dewrap_join_first_batch25_20260706/chunks/688016_1206452544_glm4_dewrap_join_chunk_0010.txt,dewrap_join,THUDM/glm-4-9b-chat-hf,4000,6995,6176,3904,3904,15,3904,glm4_dewrap_join_first_batch25_20260706
688016_1206452544_glm4_dewrap_join_chunk_0011,688016,心脉医疗,1206452544,11,15,results/glm4_dewrap_join_first_batch25_20260706/chunks/688016_1206452544_glm4_dewrap_join_chunk_0011.txt,dewrap_join,THUDM/glm-4-9b-chat-hf,4000,6475,5531,3981,3981,15,3981,glm4_dewrap_join_first_batch25_20260706
688016_1206452544_glm4_dewrap_join_chunk_0012,688016,心脉医疗,1206452544,12,15,results/glm4_dewrap_join_first_batch25_20260706/chunks/688016_1206452544_glm4_dewrap_join_chunk_0012.txt,dewrap_join,THUDM/glm-4-9b-chat-hf,4000,6738,5890,3838,3838,15,3838,glm4_dewrap_join_first_batch25_20260706
688016_1206452544_glm4_dewrap_join_chunk_0013,688016,心脉医疗,1206452544,13,15,results/glm4_dewrap_join_first_batch25_20260706/chunks/688016_1206452544_glm4_dewrap_join_chunk_0013.txt,dewrap_join,THUDM/glm-4-9b-chat-hf,4000,6884,6253,3986,3986,15,3986,glm4_dewrap_join_first_batch25_20260706
688016_1206452544_glm4_dewrap_join_chunk_0014,688016,心脉医疗,1206452544,14,15,results/glm4_dewrap_join_first_batch25_20260706/chunks/688016_1206452544_glm4_dewrap_join_chunk_0014.txt,dewrap_join,THUDM/glm-4-9b-chat-hf,4000,6788,6185,3991,3991,15,3991,glm4_dewrap_join_first_batch25_20260706
688016_1206452544_glm4_dewrap_join_chunk_0015,688016,心脉医疗,1206452544,15,15,results/glm4_dewrap_join_first_batch25_20260706/chunks/688016_1206452544_glm4_dewrap_join_chunk_0015.txt,dewrap_join,THUDM/glm-4-9b-chat-hf,4000,782,721,418,418,15,418,glm4_dewrap_join_first_batch25_20260706
688020_1206456394_glm4_dewrap_join_chunk_0001,688020,方邦股份,1206456394,1,10,results/glm4_dewrap_join_first_batch25_20260706/chunks/688020_1206456394_glm4_dewrap_join_chunk_0001.txt,dewrap_join,THUDM/glm-4-9b-chat-hf,4000,6761,6330,3986,3986,10,3986,glm4_dewrap_join_first_batch25_20260706
688020_1206456394_glm4_dewrap_join_chunk_0002,688020,方邦股份,1206456394,2,10,results/glm4_dewrap_join_first_batch25_20260706/chunks/688020_1206456394_glm4_dewrap_join_chunk_0002.txt,dewrap_join,THUDM/glm-4-9b-chat-hf,4000,6934,6271,3999,3999,10,3999,glm4_dewrap_join_first_batch25_20260706
688020_1206456394_glm4_dewrap_join_chunk_0003,688020,方邦股份,1206456394,3,10,results/glm4_dewrap_join_first_batch25_20260706/chunks/688020_1206456394_glm4_dewrap_join_chunk_0003.txt,dewrap_join,THUDM/glm-4-9b-chat-hf,4000,7016,6433,3997,3997,10,3997,glm4_dewrap_join_first_batch25_20260706
688020_1206456394_glm4_dewrap_join_chunk_0004,688020,方邦股份,1206456394,4,10,results/glm4_dewrap_join_first_batch25_20260706/chunks/688020_1206456394_glm4_dewrap_join_chunk_0004.txt,dewrap_join,THUDM/glm-4-9b-chat-hf,4000,6448,5630,3929,3929,10,3929,glm4_dewrap_join_first_batch25_20260706
688020_1206456394_glm4_dewrap_join_chunk_0005,688020,方邦股份,1206456394,5,10,results/glm4_dewrap_join_first_batch25_20260706/chunks/688020_1206456394_glm4_dewrap_join_chunk_0005.txt,dewrap_join,THUDM/glm-4-9b-chat-hf,4000,6289,5684,3991,3991,10,3991,glm4_dewrap_join_first_batch25_20260706
688020_1206456394_glm4_dewrap_join_chunk_0006,688020,方邦股份,1206456394,6,10,results/glm4_dewrap_join_first_batch25_20260706/chunks/688020_1206456394_glm4_dewrap_join_chunk_0006.txt,dewrap_join,THUDM/glm-4-9b-chat-hf,4000,6176,5410,3986,3986,10,3986,glm4_dewrap_join_first_batch25_20260706
688020_1206456394_glm4_dewrap_join_chunk_0007,688020,方邦股份,1206456394,7,10,results/glm4_dewrap_join_first_batch25_20260706/chunks/688020_1206456394_glm4_dewrap_join_chunk_0007.txt,dewrap_join,THUDM/glm-4-9b-chat-hf,4000,6202,5544,3997,3997,10,3997,glm4_dewrap_join_first_batch25_20260706
688020_1206456394_glm4_dewrap_join_chunk_0008,688020,方邦股份,1206456394,8,10,results/glm4_dewrap_join_first_batch25_20260706/chunks/688020_1206456394_glm4_dewrap_join_chunk_0008.txt,dewrap_join,THUDM/glm-4-9b-chat-hf,4000,6010,5491,3994,3994,10,3994,glm4_dewrap_join_first_batch25_20260706
688020_1206456394_glm4_dewrap_join_chunk_0009,688020,方邦股份,1206456394,9,10,results/glm4_dewrap_join_first_batch25_20260706/chunks/688020_1206456394_glm4_dewrap_join_chunk_0009.txt,dewrap_join,THUDM/glm-4-9b-chat-hf,4000,6493,6119,3989,3989,10,3989,glm4_dewrap_join_first_batch25_20260706
688020_1206456394_glm4_dewrap_join_chunk_0010,688020,方邦股份,1206456394,10,10,results/glm4_dewrap_join_first_batch25_20260706/chunks/688020_1206456394_glm4_dewrap_join_chunk_0010.txt,dewrap_join,THUDM/glm-4-9b-chat-hf,4000,2173,2053,1193,1193,10,1193,glm4_dewrap_join_first_batch25_20260706
688029_1206452542_glm4_dewrap_join_chunk_0001,688029,南微医学,1206452542,1,26,results/glm4_dewrap_join_first_batch25_20260706/chunks/688029_1206452542_glm4_dewrap_join_chunk_0001.txt,dewrap_join,THUDM/glm-4-9b-chat-hf,4000,6740,6272,3961,3961,26,3961,glm4_dewrap_join_first_batch25_20260706
688029_1206452542_glm4_dewrap_join_chunk_0002,688029,南微医学,1206452542,2,26,results/glm4_dewrap_join_first_batch25_20260706/chunks/688029_1206452542_glm4_dewrap_join_chunk_0002.txt,dewrap_join,THUDM/glm-4-9b-chat-hf,4000,6677,6213,3986,3986,26,3986,glm4_dewrap_join_first_batch25_20260706
688029_1206452542_glm4_dewrap_join_chunk_0003,688029,南微医学,1206452542,3,26,results/glm4_dewrap_join_first_batch25_20260706/chunks/688029_1206452542_glm4_dewrap_join_chunk_0003.txt,dewrap_join,THUDM/glm-4-9b-chat-hf,4000,7111,6752,3967,3967,26,3967,glm4_dewrap_join_first_batch25_20260706
688029_1206452542_glm4_dewrap_join_chunk_0004,688029,南微医学,1206452542,4,26,results/glm4_dewrap_join_first_batch25_20260706/chunks/688029_1206452542_glm4_dewrap_join_chunk_0004.txt,dewrap_join,THUDM/glm-4-9b-chat-hf,4000,7292,6784,3988,3988,26,3988,glm4_dewrap_join_first_batch25_20260706
688029_1206452542_glm4_dewrap_join_chunk_0005,688029,南微医学,1206452542,5,26,results/glm4_dewrap_join_first_batch25_20260706/chunks/688029_1206452542_glm4_dewrap_join_chunk_0005.txt,dewrap_join,THUDM/glm-4-9b-chat-hf,4000,7488,6955,3965,3965,26,3965,glm4_dewrap_join_first_batch25_20260706
688029_1206452542_glm4_dewrap_join_chunk_0006,688029,南微医学,1206452542,6,26,results/glm4_dewrap_join_first_batch25_20260706/chunks/688029_1206452542_glm4_dewrap_join_chunk_0006.txt,dewrap_join,THUDM/glm-4-9b-chat-hf,4000,6866,6616,3839,3839,26,3839,glm4_dewrap_join_first_batch25_20260706
688029_1206452542_glm4_dewrap_join_chunk_0007,688029,南微医学,1206452542,7,26,results/glm4_dewrap_join_first_batch25_20260706/chunks/688029_1206452542_glm4_dewrap_join_chunk_0007.txt,dewrap_join,THUDM/glm-4-9b-chat-hf,4000,6689,6058,3982,3982,26,3982,glm4_dewrap_join_first_batch25_20260706
688029_1206452542_glm4_dewrap_join_chunk_0008,688029,南微医学,1206452542,8,26,results/glm4_dewrap_join_first_batch25_20260706/chunks/688029_1206452542_glm4_dewrap_join_chunk_0008.txt,dewrap_join,THUDM/glm-4-9b-chat-hf,4000,6858,6285,3983,3983,26,3983,glm4_dewrap_join_first_batch25_20260706
688029_1206452542_glm4_dewrap_join_chunk_0009,688029,南微医学,1206452542,9,26,results/glm4_dewrap_join_first_batch25_20260706/chunks/688029_1206452542_glm4_dewrap_join_chunk_0009.txt,dewrap_join,THUDM/glm-4-9b-chat-hf,4000,6373,5845,3985,3985,26,3985,glm4_dewrap_join_first_batch25_20260706
688029_1206452542_glm4_dewrap_join_chunk_0010,688029,南微医学,1206452542,10,26,results/glm4_dewrap_join_first_batch25_20260706/chunks/688029_1206452542_glm4_dewrap_join_chunk_0010.txt,dewrap_join,THUDM/glm-4-9b-chat-hf,4000,6873,6425,3976,3976,26,3976,glm4_dewrap_join_first_batch25_20260706
688029_1206452542_glm4_dewrap_join_chunk_0011,688029,南微医学,1206452542,11,26,results/glm4_dewrap_join_first_batch25_20260706/chunks/688029_1206452542_glm4_dewrap_join_chunk_0011.txt,dewrap_join,THUDM/glm-4-9b-chat-hf,4000,6142,5628,3484,3484,26,3484,glm4_dewrap_join_first_batch25_20260706
688029_1206452542_glm4_dewrap_join_chunk_0012,688029,南微医学,1206452542,12,26,results/glm4_dewrap_join_first_batch25_20260706/chunks/688029_1206452542_glm4_dewrap_join_chunk_0012.txt,dewrap_join,THUDM/glm-4-9b-chat-hf,4000,6320,5659,3989,3989,26,3989,glm4_dewrap_join_first_batch25_20260706
688029_1206452542_glm4_dewrap_join_chunk_0013,688029,南微医学,1206452542,13,26,results/glm4_dewrap_join_first_batch25_20260706/chunks/688029_1206452542_glm4_dewrap_join_chunk_0013.txt,dewrap_join,THUDM/glm-4-9b-chat-hf,4000,5609,4970,3412,3412,26,3412,glm4_dewrap_join_first_batch25_20260706
688029_1206452542_glm4_dewrap_join_chunk_0014,688029,南微医学,1206452542,14,26,results/glm4_dewrap_join_first_batch25_20260706/chunks/688029_1206452542_glm4_dewrap_join_chunk_0014.txt,dewrap_join,THUDM/glm-4-9b-chat-hf,4000,6810,5946,3871,3871,26,3871,glm4_dewrap_join_first_batch25_20260706
688029_1206452542_glm4_dewrap_join_chunk_0015,688029,南微医学,1206452542,15,26,results/glm4_dewrap_join_first_batch25_20260706/chunks/688029_1206452542_glm4_dewrap_join_chunk_0015.txt,dewrap_join,THUDM/glm-4-9b-chat-hf,4000,6525,5833,3768,3768,26,3768,glm4_dewrap_join_first_batch25_20260706
688029_1206452542_glm4_dewrap_join_chunk_0016,688029,南微医学,1206452542,16,26,results/glm4_dewrap_join_first_batch25_20260706/chunks/688029_1206452542_glm4_dewrap_join_chunk_0016.txt,dewrap_join,THUDM/glm-4-9b-chat-hf,4000,5865,5236,3823,3823,26,3823,glm4_dewrap_join_first_batch25_20260706
688029_1206452542_glm4_dewrap_join_chunk_0017,688029,南微医学,1206452542,17,26,results/glm4_dewrap_join_first_batch25_20260706/chunks/688029_1206452542_glm4_dewrap_join_chunk_0017.txt,dewrap_join,THUDM/glm-4-9b-chat-hf,4000,8162,7278,3985,3985,26,3985,glm4_dewrap_join_first_batch25_20260706
688029_1206452542_glm4_dewrap_join_chunk_0018,688029,南微医学,1206452542,18,26,results/glm4_dewrap_join_first_batch25_20260706/chunks/688029_1206452542_glm4_dewrap_join_chunk_0018.txt,dewrap_join,THUDM/glm-4-9b-chat-hf,4000,5591,4776,3711,3711,26,3711,glm4_dewrap_join_first_batch25_20260706
688029_1206452542_glm4_dewrap_join_chunk_0019,688029,南微医学,1206452542,19,26,results/glm4_dewrap_join_first_batch25_20260706/chunks/688029_1206452542_glm4_dewrap_join_chunk_0019.txt,dewrap_join,THUDM/glm-4-9b-chat-hf,4000,6020,5121,3999,3999,26,3999,glm4_dewrap_join_first_batch25_20260706
688029_1206452542_glm4_dewrap_join_chunk_0020,688029,南微医学,1206452542,20,26,results/glm4_dewrap_join_first_batch25_20260706/chunks/688029_1206452542_glm4_dewrap_join_chunk_0020.txt,dewrap_join,THUDM/glm-4-9b-chat-hf,4000,6400,5678,3955,3955,26,3955,glm4_dewrap_join_first_batch25_20260706
688029_1206452542_glm4_dewrap_join_chunk_0021,688029,南微医学,1206452542,21,26,results/glm4_dewrap_join_first_batch25_20260706/chunks/688029_1206452542_glm4_dewrap_join_chunk_0021.txt,dewrap_join,THUDM/glm-4-9b-chat-hf,4000,6285,6017,3941,3941,26,3941,glm4_dewrap_join_first_batch25_20260706
688029_1206452542_glm4_dewrap_join_chunk_0022,688029,南微医学,1206452542,22,26,results/glm4_dewrap_join_first_batch25_20260706/chunks/688029_1206452542_glm4_dewrap_join_chunk_0022.txt,dewrap_join,THUDM/glm-4-9b-chat-hf,4000,6275,5853,3999,3999,26,3999,glm4_dewrap_join_first_batch25_20260706
688029_1206452542_glm4_dewrap_join_chunk_0023,688029,南微医学,1206452542,23,26,results/glm4_dewrap_join_first_batch25_20260706/chunks/688029_1206452542_glm4_dewrap_join_chunk_0023.txt,dewrap_join,THUDM/glm-4-9b-chat-hf,4000,6314,5800,3983,3983,26,3983,glm4_dewrap_join_first_batch25_20260706
688029_1206452542_glm4_dewrap_join_chunk_0024,688029,南微医学,1206452542,24,26,results/glm4_dewrap_join_first_batch25_20260706/chunks/688029_1206452542_glm4_dewrap_join_chunk_0024.txt,dewrap_join,THUDM/glm-4-9b-chat-hf,4000,7089,6476,3965,3965,26,3965,glm4_dewrap_join_first_batch25_20260706
688029_1206452542_glm4_dewrap_join_chunk_0025,688029,南微医学,1206452542,25,26,results/glm4_dewrap_join_first_batch25_20260706/chunks/688029_1206452542_glm4_dewrap_join_chunk_0025.txt,dewrap_join,THUDM/glm-4-9b-chat-hf,4000,6216,5806,3968,3968,26,3968,glm4_dewrap_join_first_batch25_20260706
688029_1206452542_glm4_dewrap_join_chunk_0026,688029,南微医学,1206452542,26,26,results/glm4_dewrap_join_first_batch25_20260706/chunks/688029_1206452542_glm4_dewrap_join_chunk_0026.txt,dewrap_join,THUDM/glm-4-9b-chat-hf,4000,6402,5963,3653,3653,26,3653,glm4_dewrap_join_first_batch25_20260706
688088_1206452540_glm4_dewrap_join_chunk_0001,688088,虹软科技,1206452540,1,16,results/glm4_dewrap_join_first_batch25_20260706/chunks/688088_1206452540_glm4_dewrap_join_chunk_0001.txt,dewrap_join,THUDM/glm-4-9b-chat-hf,4000,7244,6895,3991,3991,16,3991,glm4_dewrap_join_first_batch25_20260706
688088_1206452540_glm4_dewrap_join_chunk_0002,688088,虹软科技,1206452540,2,16,results/glm4_dewrap_join_first_batch25_20260706/chunks/688088_1206452540_glm4_dewrap_join_chunk_0002.txt,dewrap_join,THUDM/glm-4-9b-chat-hf,4000,7721,7419,3987,3987,16,3987,glm4_dewrap_join_first_batch25_20260706
688088_1206452540_glm4_dewrap_join_chunk_0003,688088,虹软科技,1206452540,3,16,results/glm4_dewrap_join_first_batch25_20260706/chunks/688088_1206452540_glm4_dewrap_join_chunk_0003.txt,dewrap_join,THUDM/glm-4-9b-chat-hf,4000,7332,6915,3977,3977,16,3977,glm4_dewrap_join_first_batch25_20260706
688088_1206452540_glm4_dewrap_join_chunk_0004,688088,虹软科技,1206452540,4,16,results/glm4_dewrap_join_first_batch25_20260706/chunks/688088_1206452540_glm4_dewrap_join_chunk_0004.txt,dewrap_join,THUDM/glm-4-9b-chat-hf,4000,8283,7720,3991,3991,16,3991,glm4_dewrap_join_first_batch25_20260706
688088_1206452540_glm4_dewrap_join_chunk_0005,688088,虹软科技,1206452540,5,16,results/glm4_dewrap_join_first_batch25_20260706/chunks/688088_1206452540_glm4_dewrap_join_chunk_0005.txt,dewrap_join,THUDM/glm-4-9b-chat-hf,4000,7535,7177,3960,3960,16,3960,glm4_dewrap_join_first_batch25_20260706
688088_1206452540_glm4_dewrap_join_chunk_0006,688088,虹软科技,1206452540,6,16,results/glm4_dewrap_join_first_batch25_20260706/chunks/688088_1206452540_glm4_dewrap_join_chunk_0006.txt,dewrap_join,THUDM/glm-4-9b-chat-hf,4000,7184,6579,3974,3974,16,3974,glm4_dewrap_join_first_batch25_20260706
688088_1206452540_glm4_dewrap_join_chunk_0007,688088,虹软科技,1206452540,7,16,results/glm4_dewrap_join_first_batch25_20260706/chunks/688088_1206452540_glm4_dewrap_join_chunk_0007.txt,dewrap_join,THUDM/glm-4-9b-chat-hf,4000,7285,6936,3988,3988,16,3988,glm4_dewrap_join_first_batch25_20260706
688088_1206452540_glm4_dewrap_join_chunk_0008,688088,虹软科技,1206452540,8,16,results/glm4_dewrap_join_first_batch25_20260706/chunks/688088_1206452540_glm4_dewrap_join_chunk_0008.txt,dewrap_join,THUDM/glm-4-9b-chat-hf,4000,6640,5799,3986,3986,16,3986,glm4_dewrap_join_first_batch25_20260706
688088_1206452540_glm4_dewrap_join_chunk_0009,688088,虹软科技,1206452540,9,16,results/glm4_dewrap_join_first_batch25_20260706/chunks/688088_1206452540_glm4_dewrap_join_chunk_0009.txt,dewrap_join,THUDM/glm-4-9b-chat-hf,4000,6805,5933,3989,3989,16,3989,glm4_dewrap_join_first_batch25_20260706
688088_1206452540_glm4_dewrap_join_chunk_0010,688088,虹软科技,1206452540,10,16,results/glm4_dewrap_join_first_batch25_20260706/chunks/688088_1206452540_glm4_dewrap_join_chunk_0010.txt,dewrap_join,THUDM/glm-4-9b-chat-hf,4000,7696,6812,3630,3630,16,3630,glm4_dewrap_join_first_batch25_20260706
688088_1206452540_glm4_dewrap_join_chunk_0011,688088,虹软科技,1206452540,11,16,results/glm4_dewrap_join_first_batch25_20260706/chunks/688088_1206452540_glm4_dewrap_join_chunk_0011.txt,dewrap_join,THUDM/glm-4-9b-chat-hf,4000,8722,7704,3946,3946,16,3946,glm4_dewrap_join_first_batch25_20260706
688088_1206452540_glm4_dewrap_join_chunk_0012,688088,虹软科技,1206452540,12,16,results/glm4_dewrap_join_first_batch25_20260706/chunks/688088_1206452540_glm4_dewrap_join_chunk_0012.txt,dewrap_join,THUDM/glm-4-9b-chat-hf,4000,6827,6249,3993,3993,16,3993,glm4_dewrap_join_first_batch25_20260706
688088_1206452540_glm4_dewrap_join_chunk_0013,688088,虹软科技,1206452540,13,16,results/glm4_dewrap_join_first_batch25_20260706/chunks/688088_1206452540_glm4_dewrap_join_chunk_0013.txt,dewrap_join,THUDM/glm-4-9b-chat-hf,4000,6724,6387,3984,3984,16,3984,glm4_dewrap_join_first_batch25_20260706
688088_1206452540_glm4_dewrap_join_chunk_0014,688088,虹软科技,1206452540,14,16,results/glm4_dewrap_join_first_batch25_20260706/chunks/688088_1206452540_glm4_dewrap_join_chunk_0014.txt,dewrap_join,THUDM/glm-4-9b-chat-hf,4000,6690,6280,3998,3998,16,3998,glm4_dewrap_join_first_batch25_20260706
688088_1206452540_glm4_dewrap_join_chunk_0015,688088,虹软科技,1206452540,15,16,results/glm4_dewrap_join_first_batch25_20260706/chunks/688088_1206452540_glm4_dewrap_join_chunk_0015.txt,dewrap_join,THUDM/glm-4-9b-chat-hf,4000,6834,6310,3984,3984,16,3984,glm4_dewrap_join_first_batch25_20260706
688088_1206452540_glm4_dewrap_join_chunk_0016,688088,虹软科技,1206452540,16,16,results/glm4_dewrap_join_first_batch25_20260706/chunks/688088_1206452540_glm4_dewrap_join_chunk_0016.txt,dewrap_join,THUDM/glm-4-9b-chat-hf,4000,4322,4061,2347,2347,16,2347,glm4_dewrap_join_first_batch25_20260706
688388_1206456409_glm4_dewrap_join_chunk_0001,688388,嘉元科技,1206456409,1,19,results/glm4_dewrap_join_first_batch25_20260706/chunks/688388_1206456409_glm4_dewrap_join_chunk_0001.txt,dewrap_join,THUDM/glm-4-9b-chat-hf,4000,6531,5955,3963,3963,19,3963,glm4_dewrap_join_first_batch25_20260706
688388_1206456409_glm4_dewrap_join_chunk_0002,688388,嘉元科技,1206456409,2,19,results/glm4_dewrap_join_first_batch25_20260706/chunks/688388_1206456409_glm4_dewrap_join_chunk_0002.txt,dewrap_join,THUDM/glm-4-9b-chat-hf,4000,6912,6532,3980,3980,19,3980,glm4_dewrap_join_first_batch25_20260706
688388_1206456409_glm4_dewrap_join_chunk_0003,688388,嘉元科技,1206456409,3,19,results/glm4_dewrap_join_first_batch25_20260706/chunks/688388_1206456409_glm4_dewrap_join_chunk_0003.txt,dewrap_join,THUDM/glm-4-9b-chat-hf,4000,6920,6430,3989,3989,19,3989,glm4_dewrap_join_first_batch25_20260706
688388_1206456409_glm4_dewrap_join_chunk_0004,688388,嘉元科技,1206456409,4,19,results/glm4_dewrap_join_first_batch25_20260706/chunks/688388_1206456409_glm4_dewrap_join_chunk_0004.txt,dewrap_join,THUDM/glm-4-9b-chat-hf,4000,6682,6293,3977,3977,19,3977,glm4_dewrap_join_first_batch25_20260706
688388_1206456409_glm4_dewrap_join_chunk_0005,688388,嘉元科技,1206456409,5,19,results/glm4_dewrap_join_first_batch25_20260706/chunks/688388_1206456409_glm4_dewrap_join_chunk_0005.txt,dewrap_join,THUDM/glm-4-9b-chat-hf,4000,6969,6647,3983,3983,19,3983,glm4_dewrap_join_first_batch25_20260706
688388_1206456409_glm4_dewrap_join_chunk_0006,688388,嘉元科技,1206456409,6,19,results/glm4_dewrap_join_first_batch25_20260706/chunks/688388_1206456409_glm4_dewrap_join_chunk_0006.txt,dewrap_join,THUDM/glm-4-9b-chat-hf,4000,6622,6091,3973,3973,19,3973,glm4_dewrap_join_first_batch25_20260706
688388_1206456409_glm4_dewrap_join_chunk_0007,688388,嘉元科技,1206456409,7,19,results/glm4_dewrap_join_first_batch25_20260706/chunks/688388_1206456409_glm4_dewrap_join_chunk_0007.txt,dewrap_join,THUDM/glm-4-9b-chat-hf,4000,5982,5265,3986,3986,19,3986,glm4_dewrap_join_first_batch25_20260706
688388_1206456409_glm4_dewrap_join_chunk_0008,688388,嘉元科技,1206456409,8,19,results/glm4_dewrap_join_first_batch25_20260706/chunks/688388_1206456409_glm4_dewrap_join_chunk_0008.txt,dewrap_join,THUDM/glm-4-9b-chat-hf,4000,6464,5880,3994,3994,19,3994,glm4_dewrap_join_first_batch25_20260706
688388_1206456409_glm4_dewrap_join_chunk_0009,688388,嘉元科技,1206456409,9,19,results/glm4_dewrap_join_first_batch25_20260706/chunks/688388_1206456409_glm4_dewrap_join_chunk_0009.txt,dewrap_join,THUDM/glm-4-9b-chat-hf,4000,6166,5478,3952,3952,19,3952,glm4_dewrap_join_first_batch25_20260706
688388_1206456409_glm4_dewrap_join_chunk_0010,688388,嘉元科技,1206456409,10,19,results/glm4_dewrap_join_first_batch25_20260706/chunks/688388_1206456409_glm4_dewrap_join_chunk_0010.txt,dewrap_join,THUDM/glm-4-9b-chat-hf,4000,6116,5413,3974,3974,19,3974,glm4_dewrap_join_first_batch25_20260706
688388_1206456409_glm4_dewrap_join_chunk_0011,688388,嘉元科技,1206456409,11,19,results/glm4_dewrap_join_first_batch25_20260706/chunks/688388_1206456409_glm4_dewrap_join_chunk_0011.txt,dewrap_join,THUDM/glm-4-9b-chat-hf,4000,6382,5784,3932,3932,19,3932,glm4_dewrap_join_first_batch25_20260706
688388_1206456409_glm4_dewrap_join_chunk_0012,688388,嘉元科技,1206456409,12,19,results/glm4_dewrap_join_first_batch25_20260706/chunks/688388_1206456409_glm4_dewrap_join_chunk_0012.txt,dewrap_join,THUDM/glm-4-9b-chat-hf,4000,6233,5687,3965,3965,19,3965,glm4_dewrap_join_first_batch25_20260706
688388_1206456409_glm4_dewrap_join_chunk_0013,688388,嘉元科技,1206456409,13,19,results/glm4_dewrap_join_first_batch25_20260706/chunks/688388_1206456409_glm4_dewrap_join_chunk_0013.txt,dewrap_join,THUDM/glm-4-9b-chat-hf,4000,6037,5414,3924,3924,19,3924,glm4_dewrap_join_first_batch25_20260706
688388_1206456409_glm4_dewrap_join_chunk_0014,688388,嘉元科技,1206456409,14,19,results/glm4_dewrap_join_first_batch25_20260706/chunks/688388_1206456409_glm4_dewrap_join_chunk_0014.txt,dewrap_join,THUDM/glm-4-9b-chat-hf,4000,6148,5666,3886,3886,19,3886,glm4_dewrap_join_first_batch25_20260706
688388_1206456409_glm4_dewrap_join_chunk_0015,688388,嘉元科技,1206456409,15,19,results/glm4_dewrap_join_first_batch25_20260706/chunks/688388_1206456409_glm4_dewrap_join_chunk_0015.txt,dewrap_join,THUDM/glm-4-9b-chat-hf,4000,4751,3890,3282,3282,19,3282,glm4_dewrap_join_first_batch25_20260706
688388_1206456409_glm4_dewrap_join_chunk_0016,688388,嘉元科技,1206456409,16,19,results/glm4_dewrap_join_first_batch25_20260706/chunks/688388_1206456409_glm4_dewrap_join_chunk_0016.txt,dewrap_join,THUDM/glm-4-9b-chat-hf,4000,5808,5177,3998,3998,19,3998,glm4_dewrap_join_first_batch25_20260706
688388_1206456409_glm4_dewrap_join_chunk_0017,688388,嘉元科技,1206456409,17,19,results/glm4_dewrap_join_first_batch25_20260706/chunks/688388_1206456409_glm4_dewrap_join_chunk_0017.txt,dewrap_join,THUDM/glm-4-9b-chat-hf,4000,6376,5847,3998,3998,19,3998,glm4_dewrap_join_first_batch25_20260706
688388_1206456409_glm4_dewrap_join_chunk_0018,688388,嘉元科技,1206456409,18,19,results/glm4_dewrap_join_first_batch25_20260706/chunks/688388_1206456409_glm4_dewrap_join_chunk_0018.txt,dewrap_join,THUDM/glm-4-9b-chat-hf,4000,6722,6223,3979,3979,19,3979,glm4_dewrap_join_first_batch25_20260706
688388_1206456409_glm4_dewrap_join_chunk_0019,688388,嘉元科技,1206456409,19,19,results/glm4_dewrap_join_first_batch25_20260706/chunks/688388_1206456409_glm4_dewrap_join_chunk_0019.txt,dewrap_join,THUDM/glm-4-9b-chat-hf,4000,1276,1238,684,684,19,684,glm4_dewrap_join_first_batch25_20260706
688168_1206873448_glm4_dewrap_join_chunk_0001,688168,安博通,1206873448,1,11,results/glm4_dewrap_rechunk_trial_20260705/dewrap_join/chunks/688168_1206873448_glm4_dewrap_join_chunk_0001.txt,dewrap_join,THUDM/glm-4-9b-chat-hf,4000,7254,6956,3982,3982,11,3982,glm4_dewrap_join_full543_20260705
688168_1206873448_glm4_dewrap_join_chunk_0002,688168,安博通,1206873448,2,11,results/glm4_dewrap_rechunk_trial_20260705/dewrap_join/chunks/688168_1206873448_glm4_dewrap_join_chunk_0002.txt,dewrap_join,THUDM/glm-4-9b-chat-hf,4000,7236,6921,3983,3983,11,3983,glm4_dewrap_join_full543_20260705
688168_1206873448_glm4_dewrap_join_chunk_0003,688168,安博通,1206873448,3,11,results/glm4_dewrap_rechunk_trial_20260705/dewrap_join/chunks/688168_1206873448_glm4_dewrap_join_chunk_0003.txt,dewrap_join,THUDM/glm-4-9b-chat-hf,4000,7390,7068,3960,3960,11,3960,glm4_dewrap_join_full543_20260705
688168_1206873448_glm4_dewrap_join_chunk_0004,688168,安博通,1206873448,4,11,results/glm4_dewrap_rechunk_trial_20260705/dewrap_join/chunks/688168_1206873448_glm4_dewrap_join_chunk_0004.txt,dewrap_join,THUDM/glm-4-9b-chat-hf,4000,7181,6779,3994,3994,11,3994,glm4_dewrap_join_full543_20260705
688168_1206873448_glm4_dewrap_join_chunk_0005,688168,安博通,1206873448,5,11,results/glm4_dewrap_rechunk_trial_20260705/dewrap_join/chunks/688168_1206873448_glm4_dewrap_join_chunk_0005.txt,dewrap_join,THUDM/glm-4-9b-chat-hf,4000,7232,6915,3941,3941,11,3941,glm4_dewrap_join_full543_20260705
688168_1206873448_glm4_dewrap_join_chunk_0006,688168,安博通,1206873448,6,11,results/glm4_dewrap_rechunk_trial_20260705/dewrap_join/chunks/688168_1206873448_glm4_dewrap_join_chunk_0006.txt,dewrap_join,THUDM/glm-4-9b-chat-hf,4000,6284,5610,3949,3949,11,3949,glm4_dewrap_join_full543_20260705
688168_1206873448_glm4_dewrap_join_chunk_0007,688168,安博通,1206873448,7,11,results/glm4_dewrap_rechunk_trial_20260705/dewrap_join/chunks/688168_1206873448_glm4_dewrap_join_chunk_0007.txt,dewrap_join,THUDM/glm-4-9b-chat-hf,4000,6759,6228,3946,3946,11,3946,glm4_dewrap_join_full543_20260705
688168_1206873448_glm4_dewrap_join_chunk_0008,688168,安博通,1206873448,8,11,results/glm4_dewrap_rechunk_trial_20260705/dewrap_join/chunks/688168_1206873448_glm4_dewrap_join_chunk_0008.txt,dewrap_join,THUDM/glm-4-9b-chat-hf,4000,5961,5281,3786,3786,11,3786,glm4_dewrap_join_full543_20260705
688168_1206873448_glm4_dewrap_join_chunk_0009,688168,安博通,1206873448,9,11,results/glm4_dewrap_rechunk_trial_20260705/dewrap_join/chunks/688168_1206873448_glm4_dewrap_join_chunk_0009.txt,dewrap_join,THUDM/glm-4-9b-chat-hf,4000,6098,5275,3993,3993,11,3993,glm4_dewrap_join_full543_20260705
688168_1206873448_glm4_dewrap_join_chunk_0010,688168,安博通,1206873448,10,11,results/glm4_dewrap_rechunk_trial_20260705/dewrap_join/chunks/688168_1206873448_glm4_dewrap_join_chunk_0010.txt,dewrap_join,THUDM/glm-4-9b-chat-hf,4000,6173,5613,3819,3819,11,3819,glm4_dewrap_join_full543_20260705
688168_1206873448_glm4_dewrap_join_chunk_0011,688168,安博通,1206873448,11,11,results/glm4_dewrap_rechunk_trial_20260705/dewrap_join/chunks/688168_1206873448_glm4_dewrap_join_chunk_0011.txt,dewrap_join,THUDM/glm-4-9b-chat-hf,4000,3869,3578,2263,2263,11,2263,glm4_dewrap_join_full543_20260705
688068_1206944408_glm4_dewrap_join_chunk_0001,688068,热景生物,1206944408,1,24,results/glm4_dewrap_rechunk_trial_20260705/dewrap_join/chunks/688068_1206944408_glm4_dewrap_join_chunk_0001.txt,dewrap_join,THUDM/glm-4-9b-chat-hf,4000,5722,5286,3801,3801,24,3801,glm4_dewrap_join_full543_20260705
688068_1206944408_glm4_dewrap_join_chunk_0002,688068,热景生物,1206944408,2,24,results/glm4_dewrap_rechunk_trial_20260705/dewrap_join/chunks/688068_1206944408_glm4_dewrap_join_chunk_0002.txt,dewrap_join,THUDM/glm-4-9b-chat-hf,4000,6724,6384,3995,3995,24,3995,glm4_dewrap_join_full543_20260705
688068_1206944408_glm4_dewrap_join_chunk_0003,688068,热景生物,1206944408,3,24,results/glm4_dewrap_rechunk_trial_20260705/dewrap_join/chunks/688068_1206944408_glm4_dewrap_join_chunk_0003.txt,dewrap_join,THUDM/glm-4-9b-chat-hf,4000,6829,6468,3992,3992,24,3992,glm4_dewrap_join_full543_20260705
688068_1206944408_glm4_dewrap_join_chunk_0004,688068,热景生物,1206944408,4,24,results/glm4_dewrap_rechunk_trial_20260705/dewrap_join/chunks/688068_1206944408_glm4_dewrap_join_chunk_0004.txt,dewrap_join,THUDM/glm-4-9b-chat-hf,4000,6639,6158,3993,3993,24,3993,glm4_dewrap_join_full543_20260705
688068_1206944408_glm4_dewrap_join_chunk_0005,688068,热景生物,1206944408,5,24,results/glm4_dewrap_rechunk_trial_20260705/dewrap_join/chunks/688068_1206944408_glm4_dewrap_join_chunk_0005.txt,dewrap_join,THUDM/glm-4-9b-chat-hf,4000,7267,6863,3960,3960,24,3960,glm4_dewrap_join_full543_20260705
688068_1206944408_glm4_dewrap_join_chunk_0006,688068,热景生物,1206944408,6,24,results/glm4_dewrap_rechunk_trial_20260705/dewrap_join/chunks/688068_1206944408_glm4_dewrap_join_chunk_0006.txt,dewrap_join,THUDM/glm-4-9b-chat-hf,4000,6953,6595,3983,3983,24,3983,glm4_dewrap_join_full543_20260705
688068_1206944408_glm4_dewrap_join_chunk_0007,688068,热景生物,1206944408,7,24,results/glm4_dewrap_rechunk_trial_20260705/dewrap_join/chunks/688068_1206944408_glm4_dewrap_join_chunk_0007.txt,dewrap_join,THUDM/glm-4-9b-chat-hf,4000,6799,6352,3984,3984,24,3984,glm4_dewrap_join_full543_20260705
688068_1206944408_glm4_dewrap_join_chunk_0008,688068,热景生物,1206944408,8,24,results/glm4_dewrap_rechunk_trial_20260705/dewrap_join/chunks/688068_1206944408_glm4_dewrap_join_chunk_0008.txt,dewrap_join,THUDM/glm-4-9b-chat-hf,4000,7031,6553,3982,3982,24,3982,glm4_dewrap_join_full543_20260705
688068_1206944408_glm4_dewrap_join_chunk_0009,688068,热景生物,1206944408,9,24,results/glm4_dewrap_rechunk_trial_20260705/dewrap_join/chunks/688068_1206944408_glm4_dewrap_join_chunk_0009.txt,dewrap_join,THUDM/glm-4-9b-chat-hf,4000,6451,5791,3997,3997,24,3997,glm4_dewrap_join_full543_20260705
688068_1206944408_glm4_dewrap_join_chunk_0010,688068,热景生物,1206944408,10,24,results/glm4_dewrap_rechunk_trial_20260705/dewrap_join/chunks/688068_1206944408_glm4_dewrap_join_chunk_0010.txt,dewrap_join,THUDM/glm-4-9b-chat-hf,4000,6698,6096,3985,3985,24,3985,glm4_dewrap_join_full543_20260705
688068_1206944408_glm4_dewrap_join_chunk_0011,688068,热景生物,1206944408,11,24,results/glm4_dewrap_rechunk_trial_20260705/dewrap_join/chunks/688068_1206944408_glm4_dewrap_join_chunk_0011.txt,dewrap_join,THUDM/glm-4-9b-chat-hf,4000,6188,5404,3986,3986,24,3986,glm4_dewrap_join_full543_20260705
688068_1206944408_glm4_dewrap_join_chunk_0012,688068,热景生物,1206944408,12,24,results/glm4_dewrap_rechunk_trial_20260705/dewrap_join/chunks/688068_1206944408_glm4_dewrap_join_chunk_0012.txt,dewrap_join,THUDM/glm-4-9b-chat-hf,4000,6204,5483,3960,3960,24,3960,glm4_dewrap_join_full543_20260705
688068_1206944408_glm4_dewrap_join_chunk_0013,688068,热景生物,1206944408,13,24,results/glm4_dewrap_rechunk_trial_20260705/dewrap_join/chunks/688068_1206944408_glm4_dewrap_join_chunk_0013.txt,dewrap_join,THUDM/glm-4-9b-chat-hf,4000,6272,5553,3975,3975,24,3975,glm4_dewrap_join_full543_20260705
688068_1206944408_glm4_dewrap_join_chunk_0014,688068,热景生物,1206944408,14,24,results/glm4_dewrap_rechunk_trial_20260705/dewrap_join/chunks/688068_1206944408_glm4_dewrap_join_chunk_0014.txt,dewrap_join,THUDM/glm-4-9b-chat-hf,4000,6024,5292,3994,3994,24,3994,glm4_dewrap_join_full543_20260705
688068_1206944408_glm4_dewrap_join_chunk_0015,688068,热景生物,1206944408,15,24,results/glm4_dewrap_rechunk_trial_20260705/dewrap_join/chunks/688068_1206944408_glm4_dewrap_join_chunk_0015.txt,dewrap_join,THUDM/glm-4-9b-chat-hf,4000,6476,5843,3989,3989,24,3989,glm4_dewrap_join_full543_20260705
688068_1206944408_glm4_dewrap_join_chunk_0016,688068,热景生物,1206944408,16,24,results/glm4_dewrap_rechunk_trial_20260705/dewrap_join/chunks/688068_1206944408_glm4_dewrap_join_chunk_0016.txt,dewrap_join,THUDM/glm-4-9b-chat-hf,4000,6297,5346,3976,3976,24,3976,glm4_dewrap_join_full543_20260705
688068_1206944408_glm4_dewrap_join_chunk_0017,688068,热景生物,1206944408,17,24,results/glm4_dewrap_rechunk_trial_20260705/dewrap_join/chunks/688068_1206944408_glm4_dewrap_join_chunk_0017.txt,dewrap_join,THUDM/glm-4-9b-chat-hf,4000,5936,5182,3995,3995,24,3995,glm4_dewrap_join_full543_20260705
688068_1206944408_glm4_dewrap_join_chunk_0018,688068,热景生物,1206944408,18,24,results/glm4_dewrap_rechunk_trial_20260705/dewrap_join/chunks/688068_1206944408_glm4_dewrap_join_chunk_0018.txt,dewrap_join,THUDM/glm-4-9b-chat-hf,4000,5919,5266,3774,3774,24,3774,glm4_dewrap_join_full543_20260705
688068_1206944408_glm4_dewrap_join_chunk_0019,688068,热景生物,1206944408,19,24,results/glm4_dewrap_rechunk_trial_20260705/dewrap_join/chunks/688068_1206944408_glm4_dewrap_join_chunk_0019.txt,dewrap_join,THUDM/glm-4-9b-chat-hf,4000,5820,5147,3912,3912,24,3912,glm4_dewrap_join_full543_20260705
688068_1206944408_glm4_dewrap_join_chunk_0020,688068,热景生物,1206944408,20,24,results/glm4_dewrap_rechunk_trial_20260705/dewrap_join/chunks/688068_1206944408_glm4_dewrap_join_chunk_0020.txt,dewrap_join,THUDM/glm-4-9b-chat-hf,4000,6677,6332,3999,3999,24,3999,glm4_dewrap_join_full543_20260705
688068_1206944408_glm4_dewrap_join_chunk_0021,688068,热景生物,1206944408,21,24,results/glm4_dewrap_rechunk_trial_20260705/dewrap_join/chunks/688068_1206944408_glm4_dewrap_join_chunk_0021.txt,dewrap_join,THUDM/glm-4-9b-chat-hf,4000,6638,6189,3866,3866,24,3866,glm4_dewrap_join_full543_20260705
688068_1206944408_glm4_dewrap_join_chunk_0022,688068,热景生物,1206944408,22,24,results/glm4_dewrap_rechunk_trial_20260705/dewrap_join/chunks/688068_1206944408_glm4_dewrap_join_chunk_0022.txt,dewrap_join,THUDM/glm-4-9b-chat-hf,4000,6902,6374,3998,3998,24,3998,glm4_dewrap_join_full543_20260705
688068_1206944408_glm4_dewrap_join_chunk_0023,688068,热景生物,1206944408,23,24,results/glm4_dewrap_rechunk_trial_20260705/dewrap_join/chunks/688068_1206944408_glm4_dewrap_join_chunk_0023.txt,dewrap_join,THUDM/glm-4-9b-chat-hf,4000,6747,6287,3955,3955,24,3955,glm4_dewrap_join_full543_20260705
688068_1206944408_glm4_dewrap_join_chunk_0024,688068,热景生物,1206944408,24,24,results/glm4_dewrap_rechunk_trial_20260705/dewrap_join/chunks/688068_1206944408_glm4_dewrap_join_chunk_0024.txt,dewrap_join,THUDM/glm-4-9b-chat-hf,4000,927,892,484,484,24,484,glm4_dewrap_join_full543_20260705
688366_1207015183_glm4_dewrap_join_chunk_0001,688366,昊海生科,1207015183,1,28,results/glm4_dewrap_rechunk_trial_20260705/dewrap_join/chunks/688366_1207015183_glm4_dewrap_join_chunk_0001.txt,dewrap_join,THUDM/glm-4-9b-chat-hf,4000,6481,6066,3998,3998,28,3998,glm4_dewrap_join_full543_20260705
688366_1207015183_glm4_dewrap_join_chunk_0002,688366,昊海生科,1207015183,2,28,results/glm4_dewrap_rechunk_trial_20260705/dewrap_join/chunks/688366_1207015183_glm4_dewrap_join_chunk_0002.txt,dewrap_join,THUDM/glm-4-9b-chat-hf,4000,6341,5889,3968,3968,28,3968,glm4_dewrap_join_full543_20260705
688366_1207015183_glm4_dewrap_join_chunk_0003,688366,昊海生科,1207015183,3,28,results/glm4_dewrap_rechunk_trial_20260705/dewrap_join/chunks/688366_1207015183_glm4_dewrap_join_chunk_0003.txt,dewrap_join,THUDM/glm-4-9b-chat-hf,4000,6624,6125,3992,3992,28,3992,glm4_dewrap_join_full543_20260705
688366_1207015183_glm4_dewrap_join_chunk_0004,688366,昊海生科,1207015183,4,28,results/glm4_dewrap_rechunk_trial_20260705/dewrap_join/chunks/688366_1207015183_glm4_dewrap_join_chunk_0004.txt,dewrap_join,THUDM/glm-4-9b-chat-hf,4000,6711,6265,3948,3948,28,3948,glm4_dewrap_join_full543_20260705
688366_1207015183_glm4_dewrap_join_chunk_0005,688366,昊海生科,1207015183,5,28,results/glm4_dewrap_rechunk_trial_20260705/dewrap_join/chunks/688366_1207015183_glm4_dewrap_join_chunk_0005.txt,dewrap_join,THUDM/glm-4-9b-chat-hf,4000,6705,6141,3992,3992,28,3992,glm4_dewrap_join_full543_20260705
688366_1207015183_glm4_dewrap_join_chunk_0006,688366,昊海生科,1207015183,6,28,results/glm4_dewrap_rechunk_trial_20260705/dewrap_join/chunks/688366_1207015183_glm4_dewrap_join_chunk_0006.txt,dewrap_join,THUDM/glm-4-9b-chat-hf,4000,6241,5592,3984,3984,28,3984,glm4_dewrap_join_full543_20260705
688366_1207015183_glm4_dewrap_join_chunk_0007,688366,昊海生科,1207015183,7,28,results/glm4_dewrap_rechunk_trial_20260705/dewrap_join/chunks/688366_1207015183_glm4_dewrap_join_chunk_0007.txt,dewrap_join,THUDM/glm-4-9b-chat-hf,4000,7192,6868,3996,3996,28,3996,glm4_dewrap_join_full543_20260705
688366_1207015183_glm4_dewrap_join_chunk_0008,688366,昊海生科,1207015183,8,28,results/glm4_dewrap_rechunk_trial_20260705/dewrap_join/chunks/688366_1207015183_glm4_dewrap_join_chunk_0008.txt,dewrap_join,THUDM/glm-4-9b-chat-hf,4000,7465,7288,3957,3957,28,3957,glm4_dewrap_join_full543_20260705
688366_1207015183_glm4_dewrap_join_chunk_0009,688366,昊海生科,1207015183,9,28,results/glm4_dewrap_rechunk_trial_20260705/dewrap_join/chunks/688366_1207015183_glm4_dewrap_join_chunk_0009.txt,dewrap_join,THUDM/glm-4-9b-chat-hf,4000,6747,6400,3951,3951,28,3951,glm4_dewrap_join_full543_20260705
688366_1207015183_glm4_dewrap_join_chunk_0010,688366,昊海生科,1207015183,10,28,results/glm4_dewrap_rechunk_trial_20260705/dewrap_join/chunks/688366_1207015183_glm4_dewrap_join_chunk_0010.txt,dewrap_join,THUDM/glm-4-9b-chat-hf,4000,6794,6571,3987,3987,28,3987,glm4_dewrap_join_full543_20260705
688366_1207015183_glm4_dewrap_join_chunk_0011,688366,昊海生科,1207015183,11,28,results/glm4_dewrap_rechunk_trial_20260705/dewrap_join/chunks/688366_1207015183_glm4_dewrap_join_chunk_0011.txt,dewrap_join,THUDM/glm-4-9b-chat-hf,4000,6529,6180,3924,3924,28,3924,glm4_dewrap_join_full543_20260705
688366_1207015183_glm4_dewrap_join_chunk_0012,688366,昊海生科,1207015183,12,28,results/glm4_dewrap_rechunk_trial_20260705/dewrap_join/chunks/688366_1207015183_glm4_dewrap_join_chunk_0012.txt,dewrap_join,THUDM/glm-4-9b-chat-hf,4000,6869,6663,3987,3987,28,3987,glm4_dewrap_join_full543_20260705
688366_1207015183_glm4_dewrap_join_chunk_0013,688366,昊海生科,1207015183,13,28,results/glm4_dewrap_rechunk_trial_20260705/dewrap_join/chunks/688366_1207015183_glm4_dewrap_join_chunk_0013.txt,dewrap_join,THUDM/glm-4-9b-chat-hf,4000,6392,5852,3884,3884,28,3884,glm4_dewrap_join_full543_20260705
688366_1207015183_glm4_dewrap_join_chunk_0014,688366,昊海生科,1207015183,14,28,results/glm4_dewrap_rechunk_trial_20260705/dewrap_join/chunks/688366_1207015183_glm4_dewrap_join_chunk_0014.txt,dewrap_join,THUDM/glm-4-9b-chat-hf,4000,6282,5592,3960,3960,28,3960,glm4_dewrap_join_full543_20260705
688366_1207015183_glm4_dewrap_join_chunk_0015,688366,昊海生科,1207015183,15,28,results/glm4_dewrap_rechunk_trial_20260705/dewrap_join/chunks/688366_1207015183_glm4_dewrap_join_chunk_0015.txt,dewrap_join,THUDM/glm-4-9b-chat-hf,4000,6302,5703,3974,3974,28,3974,glm4_dewrap_join_full543_20260705
688366_1207015183_glm4_dewrap_join_chunk_0016,688366,昊海生科,1207015183,16,28,results/glm4_dewrap_rechunk_trial_20260705/dewrap_join/chunks/688366_1207015183_glm4_dewrap_join_chunk_0016.txt,dewrap_join,THUDM/glm-4-9b-chat-hf,4000,6580,6073,3926,3926,28,3926,glm4_dewrap_join_full543_20260705
688366_1207015183_glm4_dewrap_join_chunk_0017,688366,昊海生科,1207015183,17,28,results/glm4_dewrap_rechunk_trial_20260705/dewrap_join/chunks/688366_1207015183_glm4_dewrap_join_chunk_0017.txt,dewrap_join,THUDM/glm-4-9b-chat-hf,4000,6575,6013,3726,3726,28,3726,glm4_dewrap_join_full543_20260705
688366_1207015183_glm4_dewrap_join_chunk_0018,688366,昊海生科,1207015183,18,28,results/glm4_dewrap_rechunk_trial_20260705/dewrap_join/chunks/688366_1207015183_glm4_dewrap_join_chunk_0018.txt,dewrap_join,THUDM/glm-4-9b-chat-hf,4000,6262,5508,3998,3998,28,3998,glm4_dewrap_join_full543_20260705
688366_1207015183_glm4_dewrap_join_chunk_0019,688366,昊海生科,1207015183,19,28,results/glm4_dewrap_rechunk_trial_20260705/dewrap_join/chunks/688366_1207015183_glm4_dewrap_join_chunk_0019.txt,dewrap_join,THUDM/glm-4-9b-chat-hf,4000,5532,4497,3995,3995,28,3995,glm4_dewrap_join_full543_20260705
688366_1207015183_glm4_dewrap_join_chunk_0020,688366,昊海生科,1207015183,20,28,results/glm4_dewrap_rechunk_trial_20260705/dewrap_join/chunks/688366_1207015183_glm4_dewrap_join_chunk_0020.txt,dewrap_join,THUDM/glm-4-9b-chat-hf,4000,5502,4554,3983,3983,28,3983,glm4_dewrap_join_full543_20260705
688366_1207015183_glm4_dewrap_join_chunk_0021,688366,昊海生科,1207015183,21,28,results/glm4_dewrap_rechunk_trial_20260705/dewrap_join/chunks/688366_1207015183_glm4_dewrap_join_chunk_0021.txt,dewrap_join,THUDM/glm-4-9b-chat-hf,4000,5570,4522,3964,3964,28,3964,glm4_dewrap_join_full543_20260705
688366_1207015183_glm4_dewrap_join_chunk_0022,688366,昊海生科,1207015183,22,28,results/glm4_dewrap_rechunk_trial_20260705/dewrap_join/chunks/688366_1207015183_glm4_dewrap_join_chunk_0022.txt,dewrap_join,THUDM/glm-4-9b-chat-hf,4000,5920,4882,3764,3764,28,3764,glm4_dewrap_join_full543_20260705
688366_1207015183_glm4_dewrap_join_chunk_0023,688366,昊海生科,1207015183,23,28,results/glm4_dewrap_rechunk_trial_20260705/dewrap_join/chunks/688366_1207015183_glm4_dewrap_join_chunk_0023.txt,dewrap_join,THUDM/glm-4-9b-chat-hf,4000,5849,4762,3690,3690,28,3690,glm4_dewrap_join_full543_20260705
688366_1207015183_glm4_dewrap_join_chunk_0024,688366,昊海生科,1207015183,24,28,results/glm4_dewrap_rechunk_trial_20260705/dewrap_join/chunks/688366_1207015183_glm4_dewrap_join_chunk_0024.txt,dewrap_join,THUDM/glm-4-9b-chat-hf,4000,5114,4433,3461,3461,28,3461,glm4_dewrap_join_full543_20260705
688366_1207015183_glm4_dewrap_join_chunk_0025,688366,昊海生科,1207015183,25,28,results/glm4_dewrap_rechunk_trial_20260705/dewrap_join/chunks/688366_1207015183_glm4_dewrap_join_chunk_0025.txt,dewrap_join,THUDM/glm-4-9b-chat-hf,4000,6566,5948,3982,3982,28,3982,glm4_dewrap_join_full543_20260705
688366_1207015183_glm4_dewrap_join_chunk_0026,688366,昊海生科,1207015183,26,28,results/glm4_dewrap_rechunk_trial_20260705/dewrap_join/chunks/688366_1207015183_glm4_dewrap_join_chunk_0026.txt,dewrap_join,THUDM/glm-4-9b-chat-hf,4000,7217,6702,3979,3979,28,3979,glm4_dewrap_join_full543_20260705
688366_1207015183_glm4_dewrap_join_chunk_0027,688366,昊海生科,1207015183,27,28,results/glm4_dewrap_rechunk_trial_20260705/dewrap_join/chunks/688366_1207015183_glm4_dewrap_join_chunk_0027.txt,dewrap_join,THUDM/glm-4-9b-chat-hf,4000,6355,5986,3997,3997,28,3997,glm4_dewrap_join_full543_20260705
688366_1207015183_glm4_dewrap_join_chunk_0028,688366,昊海生科,1207015183,28,28,results/glm4_dewrap_rechunk_trial_20260705/dewrap_join/chunks/688366_1207015183_glm4_dewrap_join_chunk_0028.txt,dewrap_join,THUDM/glm-4-9b-chat-hf,4000,4634,4501,2364,2364,28,2364,glm4_dewrap_join_full543_20260705
688058_1206982496_glm4_dewrap_join_chunk_0001,688058,宝兰德,1206982496,1,22,results/glm4_dewrap_rechunk_trial_20260705/dewrap_join/chunks/688058_1206982496_glm4_dewrap_join_chunk_0001.txt,dewrap_join,THUDM/glm-4-9b-chat-hf,4000,7683,7275,3979,3979,22,3979,glm4_dewrap_join_full543_20260705
688058_1206982496_glm4_dewrap_join_chunk_0002,688058,宝兰德,1206982496,2,22,results/glm4_dewrap_rechunk_trial_20260705/dewrap_join/chunks/688058_1206982496_glm4_dewrap_join_chunk_0002.txt,dewrap_join,THUDM/glm-4-9b-chat-hf,4000,7173,6881,3734,3734,22,3734,glm4_dewrap_join_full543_20260705
688058_1206982496_glm4_dewrap_join_chunk_0003,688058,宝兰德,1206982496,3,22,results/glm4_dewrap_rechunk_trial_20260705/dewrap_join/chunks/688058_1206982496_glm4_dewrap_join_chunk_0003.txt,dewrap_join,THUDM/glm-4-9b-chat-hf,4000,7675,7353,3977,3977,22,3977,glm4_dewrap_join_full543_20260705
688058_1206982496_glm4_dewrap_join_chunk_0004,688058,宝兰德,1206982496,4,22,results/glm4_dewrap_rechunk_trial_20260705/dewrap_join/chunks/688058_1206982496_glm4_dewrap_join_chunk_0004.txt,dewrap_join,THUDM/glm-4-9b-chat-hf,4000,7861,7095,3973,3973,22,3973,glm4_dewrap_join_full543_20260705
688058_1206982496_glm4_dewrap_join_chunk_0005,688058,宝兰德,1206982496,5,22,results/glm4_dewrap_rechunk_trial_20260705/dewrap_join/chunks/688058_1206982496_glm4_dewrap_join_chunk_0005.txt,dewrap_join,THUDM/glm-4-9b-chat-hf,4000,7552,7237,3962,3962,22,3962,glm4_dewrap_join_full543_20260705
688058_1206982496_glm4_dewrap_join_chunk_0006,688058,宝兰德,1206982496,6,22,results/glm4_dewrap_rechunk_trial_20260705/dewrap_join/chunks/688058_1206982496_glm4_dewrap_join_chunk_0006.txt,dewrap_join,THUDM/glm-4-9b-chat-hf,4000,7343,6940,3839,3839,22,3839,glm4_dewrap_join_full543_20260705
688058_1206982496_glm4_dewrap_join_chunk_0007,688058,宝兰德,1206982496,7,22,results/glm4_dewrap_rechunk_trial_20260705/dewrap_join/chunks/688058_1206982496_glm4_dewrap_join_chunk_0007.txt,dewrap_join,THUDM/glm-4-9b-chat-hf,4000,6306,5861,3590,3590,22,3590,glm4_dewrap_join_full543_20260705
688058_1206982496_glm4_dewrap_join_chunk_0008,688058,宝兰德,1206982496,8,22,results/glm4_dewrap_rechunk_trial_20260705/dewrap_join/chunks/688058_1206982496_glm4_dewrap_join_chunk_0008.txt,dewrap_join,THUDM/glm-4-9b-chat-hf,4000,7054,6300,3995,3995,22,3995,glm4_dewrap_join_full543_20260705
688058_1206982496_glm4_dewrap_join_chunk_0009,688058,宝兰德,1206982496,9,22,results/glm4_dewrap_rechunk_trial_20260705/dewrap_join/chunks/688058_1206982496_glm4_dewrap_join_chunk_0009.txt,dewrap_join,THUDM/glm-4-9b-chat-hf,4000,7825,7375,3977,3977,22,3977,glm4_dewrap_join_full543_20260705
688058_1206982496_glm4_dewrap_join_chunk_0010,688058,宝兰德,1206982496,10,22,results/glm4_dewrap_rechunk_trial_20260705/dewrap_join/chunks/688058_1206982496_glm4_dewrap_join_chunk_0010.txt,dewrap_join,THUDM/glm-4-9b-chat-hf,4000,7100,6608,3959,3959,22,3959,glm4_dewrap_join_full543_20260705
688058_1206982496_glm4_dewrap_join_chunk_0011,688058,宝兰德,1206982496,11,22,results/glm4_dewrap_rechunk_trial_20260705/dewrap_join/chunks/688058_1206982496_glm4_dewrap_join_chunk_0011.txt,dewrap_join,THUDM/glm-4-9b-chat-hf,4000,6949,6370,3970,3970,22,3970,glm4_dewrap_join_full543_20260705
688058_1206982496_glm4_dewrap_join_chunk_0012,688058,宝兰德,1206982496,12,22,results/glm4_dewrap_rechunk_trial_20260705/dewrap_join/chunks/688058_1206982496_glm4_dewrap_join_chunk_0012.txt,dewrap_join,THUDM/glm-4-9b-chat-hf,4000,7161,6638,3911,3911,22,3911,glm4_dewrap_join_full543_20260705
688058_1206982496_glm4_dewrap_join_chunk_0013,688058,宝兰德,1206982496,13,22,results/glm4_dewrap_rechunk_trial_20260705/dewrap_join/chunks/688058_1206982496_glm4_dewrap_join_chunk_0013.txt,dewrap_join,THUDM/glm-4-9b-chat-hf,4000,7099,6772,3913,3913,22,3913,glm4_dewrap_join_full543_20260705
688058_1206982496_glm4_dewrap_join_chunk_0014,688058,宝兰德,1206982496,14,22,results/glm4_dewrap_rechunk_trial_20260705/dewrap_join/chunks/688058_1206982496_glm4_dewrap_join_chunk_0014.txt,dewrap_join,THUDM/glm-4-9b-chat-hf,4000,7355,6927,3972,3972,22,3972,glm4_dewrap_join_full543_20260705
688058_1206982496_glm4_dewrap_join_chunk_0015,688058,宝兰德,1206982496,15,22,results/glm4_dewrap_rechunk_trial_20260705/dewrap_join/chunks/688058_1206982496_glm4_dewrap_join_chunk_0015.txt,dewrap_join,THUDM/glm-4-9b-chat-hf,4000,6524,6061,3604,3604,22,3604,glm4_dewrap_join_full543_20260705
688058_1206982496_glm4_dewrap_join_chunk_0016,688058,宝兰德,1206982496,16,22,results/glm4_dewrap_rechunk_trial_20260705/dewrap_join/chunks/688058_1206982496_glm4_dewrap_join_chunk_0016.txt,dewrap_join,THUDM/glm-4-9b-chat-hf,4000,6532,5668,3890,3890,22,3890,glm4_dewrap_join_full543_20260705
688058_1206982496_glm4_dewrap_join_chunk_0017,688058,宝兰德,1206982496,17,22,results/glm4_dewrap_rechunk_trial_20260705/dewrap_join/chunks/688058_1206982496_glm4_dewrap_join_chunk_0017.txt,dewrap_join,THUDM/glm-4-9b-chat-hf,4000,7301,6682,3996,3996,22,3996,glm4_dewrap_join_full543_20260705
688058_1206982496_glm4_dewrap_join_chunk_0018,688058,宝兰德,1206982496,18,22,results/glm4_dewrap_rechunk_trial_20260705/dewrap_join/chunks/688058_1206982496_glm4_dewrap_join_chunk_0018.txt,dewrap_join,THUDM/glm-4-9b-chat-hf,4000,7571,7275,3980,3980,22,3980,glm4_dewrap_join_full543_20260705
688058_1206982496_glm4_dewrap_join_chunk_0019,688058,宝兰德,1206982496,19,22,results/glm4_dewrap_rechunk_trial_20260705/dewrap_join/chunks/688058_1206982496_glm4_dewrap_join_chunk_0019.txt,dewrap_join,THUDM/glm-4-9b-chat-hf,4000,7498,7263,3963,3963,22,3963,glm4_dewrap_join_full543_20260705
688058_1206982496_glm4_dewrap_join_chunk_0020,688058,宝兰德,1206982496,20,22,results/glm4_dewrap_rechunk_trial_20260705/dewrap_join/chunks/688058_1206982496_glm4_dewrap_join_chunk_0020.txt,dewrap_join,THUDM/glm-4-9b-chat-hf,4000,7038,6591,3977,3977,22,3977,glm4_dewrap_join_full543_20260705
688058_1206982496_glm4_dewrap_join_chunk_0021,688058,宝兰德,1206982496,21,22,results/glm4_dewrap_rechunk_trial_20260705/dewrap_join/chunks/688058_1206982496_glm4_dewrap_join_chunk_0021.txt,dewrap_join,THUDM/glm-4-9b-chat-hf,4000,6766,6379,3916,3916,22,3916,glm4_dewrap_join_full543_20260705
688058_1206982496_glm4_dewrap_join_chunk_0022,688058,宝兰德,1206982496,22,22,results/glm4_dewrap_rechunk_trial_20260705/dewrap_join/chunks/688058_1206982496_glm4_dewrap_join_chunk_0022.txt,dewrap_join,THUDM/glm-4-9b-chat-hf,4000,3057,2877,1621,1621,22,1621,glm4_dewrap_join_full543_20260705
688202_1207048265_glm4_dewrap_join_chunk_0001,688202,美迪西,1207048265,1,15,results/glm4_dewrap_rechunk_trial_20260705/dewrap_join/chunks/688202_1207048265_glm4_dewrap_join_chunk_0001.txt,dewrap_join,THUDM/glm-4-9b-chat-hf,4000,6645,6269,3873,3873,15,3873,glm4_dewrap_join_full543_20260705
688202_1207048265_glm4_dewrap_join_chunk_0002,688202,美迪西,1207048265,2,15,results/glm4_dewrap_rechunk_trial_20260705/dewrap_join/chunks/688202_1207048265_glm4_dewrap_join_chunk_0002.txt,dewrap_join,THUDM/glm-4-9b-chat-hf,4000,7232,6889,3926,3926,15,3926,glm4_dewrap_join_full543_20260705
688202_1207048265_glm4_dewrap_join_chunk_0003,688202,美迪西,1207048265,3,15,results/glm4_dewrap_rechunk_trial_20260705/dewrap_join/chunks/688202_1207048265_glm4_dewrap_join_chunk_0003.txt,dewrap_join,THUDM/glm-4-9b-chat-hf,4000,7252,6765,3989,3989,15,3989,glm4_dewrap_join_full543_20260705
688202_1207048265_glm4_dewrap_join_chunk_0004,688202,美迪西,1207048265,4,15,results/glm4_dewrap_rechunk_trial_20260705/dewrap_join/chunks/688202_1207048265_glm4_dewrap_join_chunk_0004.txt,dewrap_join,THUDM/glm-4-9b-chat-hf,4000,7349,6781,3965,3965,15,3965,glm4_dewrap_join_full543_20260705
688202_1207048265_glm4_dewrap_join_chunk_0005,688202,美迪西,1207048265,5,15,results/glm4_dewrap_rechunk_trial_20260705/dewrap_join/chunks/688202_1207048265_glm4_dewrap_join_chunk_0005.txt,dewrap_join,THUDM/glm-4-9b-chat-hf,4000,7308,6869,3998,3998,15,3998,glm4_dewrap_join_full543_20260705
688202_1207048265_glm4_dewrap_join_chunk_0006,688202,美迪西,1207048265,6,15,results/glm4_dewrap_rechunk_trial_20260705/dewrap_join/chunks/688202_1207048265_glm4_dewrap_join_chunk_0006.txt,dewrap_join,THUDM/glm-4-9b-chat-hf,4000,7280,6815,3981,3981,15,3981,glm4_dewrap_join_full543_20260705
688202_1207048265_glm4_dewrap_join_chunk_0007,688202,美迪西,1207048265,7,15,results/glm4_dewrap_rechunk_trial_20260705/dewrap_join/chunks/688202_1207048265_glm4_dewrap_join_chunk_0007.txt,dewrap_join,THUDM/glm-4-9b-chat-hf,4000,7039,6640,3994,3994,15,3994,glm4_dewrap_join_full543_20260705
688202_1207048265_glm4_dewrap_join_chunk_0008,688202,美迪西,1207048265,8,15,results/glm4_dewrap_rechunk_trial_20260705/dewrap_join/chunks/688202_1207048265_glm4_dewrap_join_chunk_0008.txt,dewrap_join,THUDM/glm-4-9b-chat-hf,4000,6570,6031,3912,3912,15,3912,glm4_dewrap_join_full543_20260705
688202_1207048265_glm4_dewrap_join_chunk_0009,688202,美迪西,1207048265,9,15,results/glm4_dewrap_rechunk_trial_20260705/dewrap_join/chunks/688202_1207048265_glm4_dewrap_join_chunk_0009.txt,dewrap_join,THUDM/glm-4-9b-chat-hf,4000,6984,6322,3885,3885,15,3885,glm4_dewrap_join_full543_20260705
688202_1207048265_glm4_dewrap_join_chunk_0010,688202,美迪西,1207048265,10,15,results/glm4_dewrap_rechunk_trial_20260705/dewrap_join/chunks/688202_1207048265_glm4_dewrap_join_chunk_0010.txt,dewrap_join,THUDM/glm-4-9b-chat-hf,4000,6571,5902,3996,3996,15,3996,glm4_dewrap_join_full543_20260705
688202_1207048265_glm4_dewrap_join_chunk_0011,688202,美迪西,1207048265,11,15,results/glm4_dewrap_rechunk_trial_20260705/dewrap_join/chunks/688202_1207048265_glm4_dewrap_join_chunk_0011.txt,dewrap_join,THUDM/glm-4-9b-chat-hf,4000,6564,5971,3958,3958,15,3958,glm4_dewrap_join_full543_20260705
688202_1207048265_glm4_dewrap_join_chunk_0012,688202,美迪西,1207048265,12,15,results/glm4_dewrap_rechunk_trial_20260705/dewrap_join/chunks/688202_1207048265_glm4_dewrap_join_chunk_0012.txt,dewrap_join,THUDM/glm-4-9b-chat-hf,4000,6574,6250,3955,3955,15,3955,glm4_dewrap_join_full543_20260705
688202_1207048265_glm4_dewrap_join_chunk_0013,688202,美迪西,1207048265,13,15,results/glm4_dewrap_rechunk_trial_20260705/dewrap_join/chunks/688202_1207048265_glm4_dewrap_join_chunk_0013.txt,dewrap_join,THUDM/glm-4-9b-chat-hf,4000,7212,6883,3993,3993,15,3993,glm4_dewrap_join_full543_20260705
688202_1207048265_glm4_dewrap_join_chunk_0014,688202,美迪西,1207048265,14,15,results/glm4_dewrap_rechunk_trial_20260705/dewrap_join/chunks/688202_1207048265_glm4_dewrap_join_chunk_0014.txt,dewrap_join,THUDM/glm-4-9b-chat-hf,4000,7060,6638,3992,3992,15,3992,glm4_dewrap_join_full543_20260705
688202_1207048265_glm4_dewrap_join_chunk_0015,688202,美迪西,1207048265,15,15,results/glm4_dewrap_rechunk_trial_20260705/dewrap_join/chunks/688202_1207048265_glm4_dewrap_join_chunk_0015.txt,dewrap_join,THUDM/glm-4-9b-chat-hf,4000,2949,2727,1671,1671,15,1671,glm4_dewrap_join_full543_20260705
688299_1207039527_glm4_dewrap_join_chunk_0001,688299,长阳科技,1207039527,1,18,results/glm4_dewrap_rechunk_trial_20260705/dewrap_join/chunks/688299_1207039527_glm4_dewrap_join_chunk_0001.txt,dewrap_join,THUDM/glm-4-9b-chat-hf,4000,6768,6538,3989,3989,18,3989,glm4_dewrap_join_full543_20260705
688299_1207039527_glm4_dewrap_join_chunk_0002,688299,长阳科技,1207039527,2,18,results/glm4_dewrap_rechunk_trial_20260705/dewrap_join/chunks/688299_1207039527_glm4_dewrap_join_chunk_0002.txt,dewrap_join,THUDM/glm-4-9b-chat-hf,4000,6451,6134,3851,3851,18,3851,glm4_dewrap_join_full543_20260705
688299_1207039527_glm4_dewrap_join_chunk_0003,688299,长阳科技,1207039527,3,18,results/glm4_dewrap_rechunk_trial_20260705/dewrap_join/chunks/688299_1207039527_glm4_dewrap_join_chunk_0003.txt,dewrap_join,THUDM/glm-4-9b-chat-hf,4000,6798,6452,3958,3958,18,3958,glm4_dewrap_join_full543_20260705
688299_1207039527_glm4_dewrap_join_chunk_0004,688299,长阳科技,1207039527,4,18,results/glm4_dewrap_rechunk_trial_20260705/dewrap_join/chunks/688299_1207039527_glm4_dewrap_join_chunk_0004.txt,dewrap_join,THUDM/glm-4-9b-chat-hf,4000,6913,6602,3926,3926,18,3926,glm4_dewrap_join_full543_20260705
688299_1207039527_glm4_dewrap_join_chunk_0005,688299,长阳科技,1207039527,5,18,results/glm4_dewrap_rechunk_trial_20260705/dewrap_join/chunks/688299_1207039527_glm4_dewrap_join_chunk_0005.txt,dewrap_join,THUDM/glm-4-9b-chat-hf,4000,7015,6721,3989,3989,18,3989,glm4_dewrap_join_full543_20260705
688299_1207039527_glm4_dewrap_join_chunk_0006,688299,长阳科技,1207039527,6,18,results/glm4_dewrap_rechunk_trial_20260705/dewrap_join/chunks/688299_1207039527_glm4_dewrap_join_chunk_0006.txt,dewrap_join,THUDM/glm-4-9b-chat-hf,4000,7052,6534,3923,3923,18,3923,glm4_dewrap_join_full543_20260705
688299_1207039527_glm4_dewrap_join_chunk_0007,688299,长阳科技,1207039527,7,18,results/glm4_dewrap_rechunk_trial_20260705/dewrap_join/chunks/688299_1207039527_glm4_dewrap_join_chunk_0007.txt,dewrap_join,THUDM/glm-4-9b-chat-hf,4000,6916,6533,3988,3988,18,3988,glm4_dewrap_join_full543_20260705
688299_1207039527_glm4_dewrap_join_chunk_0008,688299,长阳科技,1207039527,8,18,results/glm4_dewrap_rechunk_trial_20260705/dewrap_join/chunks/688299_1207039527_glm4_dewrap_join_chunk_0008.txt,dewrap_join,THUDM/glm-4-9b-chat-hf,4000,6820,6292,3984,3984,18,3984,glm4_dewrap_join_full543_20260705
688299_1207039527_glm4_dewrap_join_chunk_0009,688299,长阳科技,1207039527,9,18,results/glm4_dewrap_rechunk_trial_20260705/dewrap_join/chunks/688299_1207039527_glm4_dewrap_join_chunk_0009.txt,dewrap_join,THUDM/glm-4-9b-chat-hf,4000,6591,6055,3957,3957,18,3957,glm4_dewrap_join_full543_20260705
688299_1207039527_glm4_dewrap_join_chunk_0010,688299,长阳科技,1207039527,10,18,results/glm4_dewrap_rechunk_trial_20260705/dewrap_join/chunks/688299_1207039527_glm4_dewrap_join_chunk_0010.txt,dewrap_join,THUDM/glm-4-9b-chat-hf,4000,6676,5940,3929,3929,18,3929,glm4_dewrap_join_full543_20260705
688299_1207039527_glm4_dewrap_join_chunk_0011,688299,长阳科技,1207039527,11,18,results/glm4_dewrap_rechunk_trial_20260705/dewrap_join/chunks/688299_1207039527_glm4_dewrap_join_chunk_0011.txt,dewrap_join,THUDM/glm-4-9b-chat-hf,4000,6611,6106,3919,3919,18,3919,glm4_dewrap_join_full543_20260705
688299_1207039527_glm4_dewrap_join_chunk_0012,688299,长阳科技,1207039527,12,18,results/glm4_dewrap_rechunk_trial_20260705/dewrap_join/chunks/688299_1207039527_glm4_dewrap_join_chunk_0012.txt,dewrap_join,THUDM/glm-4-9b-chat-hf,4000,6020,5436,3872,3872,18,3872,glm4_dewrap_join_full543_20260705
688299_1207039527_glm4_dewrap_join_chunk_0013,688299,长阳科技,1207039527,13,18,results/glm4_dewrap_rechunk_trial_20260705/dewrap_join/chunks/688299_1207039527_glm4_dewrap_join_chunk_0013.txt,dewrap_join,THUDM/glm-4-9b-chat-hf,4000,5899,5351,3721,3721,18,3721,glm4_dewrap_join_full543_20260705
688299_1207039527_glm4_dewrap_join_chunk_0014,688299,长阳科技,1207039527,14,18,results/glm4_dewrap_rechunk_trial_20260705/dewrap_join/chunks/688299_1207039527_glm4_dewrap_join_chunk_0014.txt,dewrap_join,THUDM/glm-4-9b-chat-hf,4000,6368,5943,3952,3952,18,3952,glm4_dewrap_join_full543_20260705
688299_1207039527_glm4_dewrap_join_chunk_0015,688299,长阳科技,1207039527,15,18,results/glm4_dewrap_rechunk_trial_20260705/dewrap_join/chunks/688299_1207039527_glm4_dewrap_join_chunk_0015.txt,dewrap_join,THUDM/glm-4-9b-chat-hf,4000,6589,6037,3818,3818,18,3818,glm4_dewrap_join_full543_20260705
688299_1207039527_glm4_dewrap_join_chunk_0016,688299,长阳科技,1207039527,16,18,results/glm4_dewrap_rechunk_trial_20260705/dewrap_join/chunks/688299_1207039527_glm4_dewrap_join_chunk_0016.txt,dewrap_join,THUDM/glm-4-9b-chat-hf,4000,6537,6086,3948,3948,18,3948,glm4_dewrap_join_full543_20260705
688299_1207039527_glm4_dewrap_join_chunk_0017,688299,长阳科技,1207039527,17,18,results/glm4_dewrap_rechunk_trial_20260705/dewrap_join/chunks/688299_1207039527_glm4_dewrap_join_chunk_0017.txt,dewrap_join,THUDM/glm-4-9b-chat-hf,4000,7198,6883,3971,3971,18,3971,glm4_dewrap_join_full543_20260705
688299_1207039527_glm4_dewrap_join_chunk_0018,688299,长阳科技,1207039527,18,18,results/glm4_dewrap_rechunk_trial_20260705/dewrap_join/chunks/688299_1207039527_glm4_dewrap_join_chunk_0018.txt,dewrap_join,THUDM/glm-4-9b-chat-hf,4000,1958,1820,1219,1219,18,1219,glm4_dewrap_join_full543_20260705
688300_1207079484_glm4_dewrap_join_chunk_0001,688300,联瑞新材,1207079484,1,23,results/glm4_dewrap_rechunk_trial_20260705/dewrap_join/chunks/688300_1207079484_glm4_dewrap_join_chunk_0001.txt,dewrap_join,THUDM/glm-4-9b-chat-hf,4000,6291,5767,3996,3996,23,3996,glm4_dewrap_join_full543_20260705
688300_1207079484_glm4_dewrap_join_chunk_0002,688300,联瑞新材,1207079484,2,23,results/glm4_dewrap_rechunk_trial_20260705/dewrap_join/chunks/688300_1207079484_glm4_dewrap_join_chunk_0002.txt,dewrap_join,THUDM/glm-4-9b-chat-hf,4000,6303,5680,3980,3980,23,3980,glm4_dewrap_join_full543_20260705
688300_1207079484_glm4_dewrap_join_chunk_0003,688300,联瑞新材,1207079484,3,23,results/glm4_dewrap_rechunk_trial_20260705/dewrap_join/chunks/688300_1207079484_glm4_dewrap_join_chunk_0003.txt,dewrap_join,THUDM/glm-4-9b-chat-hf,4000,6011,5407,3928,3928,23,3928,glm4_dewrap_join_full543_20260705
688300_1207079484_glm4_dewrap_join_chunk_0004,688300,联瑞新材,1207079484,4,23,results/glm4_dewrap_rechunk_trial_20260705/dewrap_join/chunks/688300_1207079484_glm4_dewrap_join_chunk_0004.txt,dewrap_join,THUDM/glm-4-9b-chat-hf,4000,6635,6148,3813,3813,23,3813,glm4_dewrap_join_full543_20260705
688300_1207079484_glm4_dewrap_join_chunk_0005,688300,联瑞新材,1207079484,5,23,results/glm4_dewrap_rechunk_trial_20260705/dewrap_join/chunks/688300_1207079484_glm4_dewrap_join_chunk_0005.txt,dewrap_join,THUDM/glm-4-9b-chat-hf,4000,6628,6169,3996,3996,23,3996,glm4_dewrap_join_full543_20260705
688300_1207079484_glm4_dewrap_join_chunk_0006,688300,联瑞新材,1207079484,6,23,results/glm4_dewrap_rechunk_trial_20260705/dewrap_join/chunks/688300_1207079484_glm4_dewrap_join_chunk_0006.txt,dewrap_join,THUDM/glm-4-9b-chat-hf,4000,6799,6394,3998,3998,23,3998,glm4_dewrap_join_full543_20260705
688300_1207079484_glm4_dewrap_join_chunk_0007,688300,联瑞新材,1207079484,7,23,results/glm4_dewrap_rechunk_trial_20260705/dewrap_join/chunks/688300_1207079484_glm4_dewrap_join_chunk_0007.txt,dewrap_join,THUDM/glm-4-9b-chat-hf,4000,6480,5815,3973,3973,23,3973,glm4_dewrap_join_full543_20260705
688300_1207079484_glm4_dewrap_join_chunk_0008,688300,联瑞新材,1207079484,8,23,results/glm4_dewrap_rechunk_trial_20260705/dewrap_join/chunks/688300_1207079484_glm4_dewrap_join_chunk_0008.txt,dewrap_join,THUDM/glm-4-9b-chat-hf,4000,6648,6109,3999,3999,23,3999,glm4_dewrap_join_full543_20260705
688300_1207079484_glm4_dewrap_join_chunk_0009,688300,联瑞新材,1207079484,9,23,results/glm4_dewrap_rechunk_trial_20260705/dewrap_join/chunks/688300_1207079484_glm4_dewrap_join_chunk_0009.txt,dewrap_join,THUDM/glm-4-9b-chat-hf,4000,6973,6501,3997,3997,23,3997,glm4_dewrap_join_full543_20260705
688300_1207079484_glm4_dewrap_join_chunk_0010,688300,联瑞新材,1207079484,10,23,results/glm4_dewrap_rechunk_trial_20260705/dewrap_join/chunks/688300_1207079484_glm4_dewrap_join_chunk_0010.txt,dewrap_join,THUDM/glm-4-9b-chat-hf,4000,6371,5745,3987,3987,23,3987,glm4_dewrap_join_full543_20260705
688300_1207079484_glm4_dewrap_join_chunk_0011,688300,联瑞新材,1207079484,11,23,results/glm4_dewrap_rechunk_trial_20260705/dewrap_join/chunks/688300_1207079484_glm4_dewrap_join_chunk_0011.txt,dewrap_join,THUDM/glm-4-9b-chat-hf,4000,6842,6334,3983,3983,23,3983,glm4_dewrap_join_full543_20260705
688300_1207079484_glm4_dewrap_join_chunk_0012,688300,联瑞新材,1207079484,12,23,results/glm4_dewrap_rechunk_trial_20260705/dewrap_join/chunks/688300_1207079484_glm4_dewrap_join_chunk_0012.txt,dewrap_join,THUDM/glm-4-9b-chat-hf,4000,6819,6289,3994,3994,23,3994,glm4_dewrap_join_full543_20260705
688300_1207079484_glm4_dewrap_join_chunk_0013,688300,联瑞新材,1207079484,13,23,results/glm4_dewrap_rechunk_trial_20260705/dewrap_join/chunks/688300_1207079484_glm4_dewrap_join_chunk_0013.txt,dewrap_join,THUDM/glm-4-9b-chat-hf,4000,5892,5267,3875,3875,23,3875,glm4_dewrap_join_full543_20260705
688300_1207079484_glm4_dewrap_join_chunk_0014,688300,联瑞新材,1207079484,14,23,results/glm4_dewrap_rechunk_trial_20260705/dewrap_join/chunks/688300_1207079484_glm4_dewrap_join_chunk_0014.txt,dewrap_join,THUDM/glm-4-9b-chat-hf,4000,5453,4828,3618,3618,23,3618,glm4_dewrap_join_full543_20260705
688300_1207079484_glm4_dewrap_join_chunk_0015,688300,联瑞新材,1207079484,15,23,results/glm4_dewrap_rechunk_trial_20260705/dewrap_join/chunks/688300_1207079484_glm4_dewrap_join_chunk_0015.txt,dewrap_join,THUDM/glm-4-9b-chat-hf,4000,5724,5084,3897,3897,23,3897,glm4_dewrap_join_full543_20260705
688300_1207079484_glm4_dewrap_join_chunk_0016,688300,联瑞新材,1207079484,16,23,results/glm4_dewrap_rechunk_trial_20260705/dewrap_join/chunks/688300_1207079484_glm4_dewrap_join_chunk_0016.txt,dewrap_join,THUDM/glm-4-9b-chat-hf,4000,6334,5520,3984,3984,23,3984,glm4_dewrap_join_full543_20260705
688300_1207079484_glm4_dewrap_join_chunk_0017,688300,联瑞新材,1207079484,17,23,results/glm4_dewrap_rechunk_trial_20260705/dewrap_join/chunks/688300_1207079484_glm4_dewrap_join_chunk_0017.txt,dewrap_join,THUDM/glm-4-9b-chat-hf,4000,5354,4751,3685,3685,23,3685,glm4_dewrap_join_full543_20260705
688300_1207079484_glm4_dewrap_join_chunk_0018,688300,联瑞新材,1207079484,18,23,results/glm4_dewrap_rechunk_trial_20260705/dewrap_join/chunks/688300_1207079484_glm4_dewrap_join_chunk_0018.txt,dewrap_join,THUDM/glm-4-9b-chat-hf,4000,5749,4946,3995,3995,23,3995,glm4_dewrap_join_full543_20260705
688300_1207079484_glm4_dewrap_join_chunk_0019,688300,联瑞新材,1207079484,19,23,results/glm4_dewrap_rechunk_trial_20260705/dewrap_join/chunks/688300_1207079484_glm4_dewrap_join_chunk_0019.txt,dewrap_join,THUDM/glm-4-9b-chat-hf,4000,6028,5364,3996,3996,23,3996,glm4_dewrap_join_full543_20260705
688300_1207079484_glm4_dewrap_join_chunk_0020,688300,联瑞新材,1207079484,20,23,results/glm4_dewrap_rechunk_trial_20260705/dewrap_join/chunks/688300_1207079484_glm4_dewrap_join_chunk_0020.txt,dewrap_join,THUDM/glm-4-9b-chat-hf,4000,6650,6124,3951,3951,23,3951,glm4_dewrap_join_full543_20260705
688300_1207079484_glm4_dewrap_join_chunk_0021,688300,联瑞新材,1207079484,21,23,results/glm4_dewrap_rechunk_trial_20260705/dewrap_join/chunks/688300_1207079484_glm4_dewrap_join_chunk_0021.txt,dewrap_join,THUDM/glm-4-9b-chat-hf,4000,5891,5629,3851,3851,23,3851,glm4_dewrap_join_full543_20260705
688300_1207079484_glm4_dewrap_join_chunk_0022,688300,联瑞新材,1207079484,22,23,results/glm4_dewrap_rechunk_trial_20260705/dewrap_join/chunks/688300_1207079484_glm4_dewrap_join_chunk_0022.txt,dewrap_join,THUDM/glm-4-9b-chat-hf,4000,6824,6199,3998,3998,23,3998,glm4_dewrap_join_full543_20260705
688300_1207079484_glm4_dewrap_join_chunk_0023,688300,联瑞新材,1207079484,23,23,results/glm4_dewrap_rechunk_trial_20260705/dewrap_join/chunks/688300_1207079484_glm4_dewrap_join_chunk_0023.txt,dewrap_join,THUDM/glm-4-9b-chat-hf,4000,4879,4537,2705,2705,23,2705,glm4_dewrap_join_full543_20260705
688196_1207092002_glm4_dewrap_join_chunk_0001,688196,卓越新能,1207092002,1,25,results/glm4_dewrap_rechunk_trial_20260705/dewrap_join/chunks/688196_1207092002_glm4_dewrap_join_chunk_0001.txt,dewrap_join,THUDM/glm-4-9b-chat-hf,4000,6221,5732,3973,3973,25,3973,glm4_dewrap_join_full543_20260705
688196_1207092002_glm4_dewrap_join_chunk_0002,688196,卓越新能,1207092002,2,25,results/glm4_dewrap_rechunk_trial_20260705/dewrap_join/chunks/688196_1207092002_glm4_dewrap_join_chunk_0002.txt,dewrap_join,THUDM/glm-4-9b-chat-hf,4000,6608,6221,3956,3956,25,3956,glm4_dewrap_join_full543_20260705
688196_1207092002_glm4_dewrap_join_chunk_0003,688196,卓越新能,1207092002,3,25,results/glm4_dewrap_rechunk_trial_20260705/dewrap_join/chunks/688196_1207092002_glm4_dewrap_join_chunk_0003.txt,dewrap_join,THUDM/glm-4-9b-chat-hf,4000,6636,6385,3940,3940,25,3940,glm4_dewrap_join_full543_20260705
688196_1207092002_glm4_dewrap_join_chunk_0004,688196,卓越新能,1207092002,4,25,results/glm4_dewrap_rechunk_trial_20260705/dewrap_join/chunks/688196_1207092002_glm4_dewrap_join_chunk_0004.txt,dewrap_join,THUDM/glm-4-9b-chat-hf,4000,6413,6119,3960,3960,25,3960,glm4_dewrap_join_full543_20260705
688196_1207092002_glm4_dewrap_join_chunk_0005,688196,卓越新能,1207092002,5,25,results/glm4_dewrap_rechunk_trial_20260705/dewrap_join/chunks/688196_1207092002_glm4_dewrap_join_chunk_0005.txt,dewrap_join,THUDM/glm-4-9b-chat-hf,4000,6925,6620,3963,3963,25,3963,glm4_dewrap_join_full543_20260705
688196_1207092002_glm4_dewrap_join_chunk_0006,688196,卓越新能,1207092002,6,25,results/glm4_dewrap_rechunk_trial_20260705/dewrap_join/chunks/688196_1207092002_glm4_dewrap_join_chunk_0006.txt,dewrap_join,THUDM/glm-4-9b-chat-hf,4000,6628,6286,3999,3999,25,3999,glm4_dewrap_join_full543_20260705
688196_1207092002_glm4_dewrap_join_chunk_0007,688196,卓越新能,1207092002,7,25,results/glm4_dewrap_rechunk_trial_20260705/dewrap_join/chunks/688196_1207092002_glm4_dewrap_join_chunk_0007.txt,dewrap_join,THUDM/glm-4-9b-chat-hf,4000,6791,6398,3988,3988,25,3988,glm4_dewrap_join_full543_20260705
688196_1207092002_glm4_dewrap_join_chunk_0008,688196,卓越新能,1207092002,8,25,results/glm4_dewrap_rechunk_trial_20260705/dewrap_join/chunks/688196_1207092002_glm4_dewrap_join_chunk_0008.txt,dewrap_join,THUDM/glm-4-9b-chat-hf,4000,6417,5867,3975,3975,25,3975,glm4_dewrap_join_full543_20260705
688196_1207092002_glm4_dewrap_join_chunk_0009,688196,卓越新能,1207092002,9,25,results/glm4_dewrap_rechunk_trial_20260705/dewrap_join/chunks/688196_1207092002_glm4_dewrap_join_chunk_0009.txt,dewrap_join,THUDM/glm-4-9b-chat-hf,4000,7034,6817,3947,3947,25,3947,glm4_dewrap_join_full543_20260705
688196_1207092002_glm4_dewrap_join_chunk_0010,688196,卓越新能,1207092002,10,25,results/glm4_dewrap_rechunk_trial_20260705/dewrap_join/chunks/688196_1207092002_glm4_dewrap_join_chunk_0010.txt,dewrap_join,THUDM/glm-4-9b-chat-hf,4000,7084,6812,3940,3940,25,3940,glm4_dewrap_join_full543_20260705
688196_1207092002_glm4_dewrap_join_chunk_0011,688196,卓越新能,1207092002,11,25,results/glm4_dewrap_rechunk_trial_20260705/dewrap_join/chunks/688196_1207092002_glm4_dewrap_join_chunk_0011.txt,dewrap_join,THUDM/glm-4-9b-chat-hf,4000,6953,6492,3980,3980,25,3980,glm4_dewrap_join_full543_20260705
688196_1207092002_glm4_dewrap_join_chunk_0012,688196,卓越新能,1207092002,12,25,results/glm4_dewrap_rechunk_trial_20260705/dewrap_join/chunks/688196_1207092002_glm4_dewrap_join_chunk_0012.txt,dewrap_join,THUDM/glm-4-9b-chat-hf,4000,6690,6141,3965,3965,25,3965,glm4_dewrap_join_full543_20260705
688196_1207092002_glm4_dewrap_join_chunk_0013,688196,卓越新能,1207092002,13,25,results/glm4_dewrap_rechunk_trial_20260705/dewrap_join/chunks/688196_1207092002_glm4_dewrap_join_chunk_0013.txt,dewrap_join,THUDM/glm-4-9b-chat-hf,4000,6585,5781,3980,3980,25,3980,glm4_dewrap_join_full543_20260705
688196_1207092002_glm4_dewrap_join_chunk_0014,688196,卓越新能,1207092002,14,25,results/glm4_dewrap_rechunk_trial_20260705/dewrap_join/chunks/688196_1207092002_glm4_dewrap_join_chunk_0014.txt,dewrap_join,THUDM/glm-4-9b-chat-hf,4000,7020,6425,3938,3938,25,3938,glm4_dewrap_join_full543_20260705
688196_1207092002_glm4_dewrap_join_chunk_0015,688196,卓越新能,1207092002,15,25,results/glm4_dewrap_rechunk_trial_20260705/dewrap_join/chunks/688196_1207092002_glm4_dewrap_join_chunk_0015.txt,dewrap_join,THUDM/glm-4-9b-chat-hf,4000,6279,5629,3907,3907,25,3907,glm4_dewrap_join_full543_20260705
688196_1207092002_glm4_dewrap_join_chunk_0016,688196,卓越新能,1207092002,16,25,results/glm4_dewrap_rechunk_trial_20260705/dewrap_join/chunks/688196_1207092002_glm4_dewrap_join_chunk_0016.txt,dewrap_join,THUDM/glm-4-9b-chat-hf,4000,6214,5618,3881,3881,25,3881,glm4_dewrap_join_full543_20260705
688196_1207092002_glm4_dewrap_join_chunk_0017,688196,卓越新能,1207092002,17,25,results/glm4_dewrap_rechunk_trial_20260705/dewrap_join/chunks/688196_1207092002_glm4_dewrap_join_chunk_0017.txt,dewrap_join,THUDM/glm-4-9b-chat-hf,4000,5952,5210,3964,3964,25,3964,glm4_dewrap_join_full543_20260705
688196_1207092002_glm4_dewrap_join_chunk_0018,688196,卓越新能,1207092002,18,25,results/glm4_dewrap_rechunk_trial_20260705/dewrap_join/chunks/688196_1207092002_glm4_dewrap_join_chunk_0018.txt,dewrap_join,THUDM/glm-4-9b-chat-hf,4000,6432,5956,3978,3978,25,3978,glm4_dewrap_join_full543_20260705
688196_1207092002_glm4_dewrap_join_chunk_0019,688196,卓越新能,1207092002,19,25,results/glm4_dewrap_rechunk_trial_20260705/dewrap_join/chunks/688196_1207092002_glm4_dewrap_join_chunk_0019.txt,dewrap_join,THUDM/glm-4-9b-chat-hf,4000,5547,4892,3907,3907,25,3907,glm4_dewrap_join_full543_20260705
688196_1207092002_glm4_dewrap_join_chunk_0020,688196,卓越新能,1207092002,20,25,results/glm4_dewrap_rechunk_trial_20260705/dewrap_join/chunks/688196_1207092002_glm4_dewrap_join_chunk_0020.txt,dewrap_join,THUDM/glm-4-9b-chat-hf,4000,5942,5487,3654,3654,25,3654,glm4_dewrap_join_full543_20260705
688196_1207092002_glm4_dewrap_join_chunk_0021,688196,卓越新能,1207092002,21,25,results/glm4_dewrap_rechunk_trial_20260705/dewrap_join/chunks/688196_1207092002_glm4_dewrap_join_chunk_0021.txt,dewrap_join,THUDM/glm-4-9b-chat-hf,4000,6394,6069,3983,3983,25,3983,glm4_dewrap_join_full543_20260705
688196_1207092002_glm4_dewrap_join_chunk_0022,688196,卓越新能,1207092002,22,25,results/glm4_dewrap_rechunk_trial_20260705/dewrap_join/chunks/688196_1207092002_glm4_dewrap_join_chunk_0022.txt,dewrap_join,THUDM/glm-4-9b-chat-hf,4000,6535,5759,3987,3987,25,3987,glm4_dewrap_join_full543_20260705
688196_1207092002_glm4_dewrap_join_chunk_0023,688196,卓越新能,1207092002,23,25,results/glm4_dewrap_rechunk_trial_20260705/dewrap_join/chunks/688196_1207092002_glm4_dewrap_join_chunk_0023.txt,dewrap_join,THUDM/glm-4-9b-chat-hf,4000,4874,4473,3406,3406,25,3406,glm4_dewrap_join_full543_20260705
688196_1207092002_glm4_dewrap_join_chunk_0024,688196,卓越新能,1207092002,24,25,results/glm4_dewrap_rechunk_trial_20260705/dewrap_join/chunks/688196_1207092002_glm4_dewrap_join_chunk_0024.txt,dewrap_join,THUDM/glm-4-9b-chat-hf,4000,6492,6036,3989,3989,25,3989,glm4_dewrap_join_full543_20260705
688196_1207092002_glm4_dewrap_join_chunk_0025,688196,卓越新能,1207092002,25,25,results/glm4_dewrap_rechunk_trial_20260705/dewrap_join/chunks/688196_1207092002_glm4_dewrap_join_chunk_0025.txt,dewrap_join,THUDM/glm-4-9b-chat-hf,4000,3059,2922,1747,1747,25,1747,glm4_dewrap_join_full543_20260705
