custom_id,sec_code,sec_name,announcement_id,chunk_index,chunk_count,chunk_file,normalization_mode,tokenizer,max_tokens,chunk_chars,chunk_compact_chars,chunk_glm4_tokens,Text_len,Chunk_num,chunk_token_proxy,summary_compact_chars,summary_chars,summary_text,summary_token_proxy,sentence_count,sentence_count_reported,sentence_count_mismatch,n0,n1,n2,n3,n4,n5,high_score_count,high_score_share,summary_sentence_count,summary_high_score_gap,relevant_score,relevant_score_model
688123_1207173489_glm4_dewrap_join_chunk_0001,688123,聚辰股份,1207173489,1,19,results/glm4_dewrap_join_pilot5_20260705/chunks/688123_1207173489_glm4_dewrap_join_chunk_0001.txt,dewrap_join,THUDM/glm-4-9b-chat-hf,4000,7338,6867,3995,3995,19,3995,271,280,公司为集成电路设计企业，主营集成电路产品研发设计和销售，并提供应用解决方案和技术支持，形成 EEPROM、音圈马达驱动芯片和智能卡芯片三条产品线。2018年公司为全球第三大 EEPROM 供应商，份额约8.17%，国内 EEPROM 企业第一；在智能手机摄像头 EEPROM 领域全球第一，份额约42.72%，产品进入三星、华为、vivo、OPPO、小米等终端。公司 EEPROM 覆盖2Kbit-1024Kbit容量，工艺和存储单元由0.35um/7.245um2升级至0.13um/1.01um2，芯片厚度由490um减薄至280um并开发200um方案。,136,82,82,0,7,13,20,25,14,3,17,0.2073170731707317,3,-14,2.426829268292683,
688123_1207173489_glm4_dewrap_join_chunk_0002,688123,聚辰股份,1207173489,2,19,results/glm4_dewrap_join_pilot5_20260705/chunks/688123_1207173489_glm4_dewrap_join_chunk_0002.txt,dewrap_join,THUDM/glm-4-9b-chat-hf,4000,7108,6810,3988,3988,19,3988,341,347,发行人 EEPROM 技术迭代集中在工艺制程和存储单元，自设立以来由0.35um/7.245um2、0.18um/2.88um2、0.13um/1.64um2、0.13um/1.26um2升级至0.13um/1.01um2，同一工艺和存储单元完成系列容量开发通常需2-3年，2018年已实现该工艺下128Kbit量产。报告期主营收入以 EEPROM 为主，2016年至2019年1-6月收入占比分别为78.10%、84.40%、89.20%、88.42%。公司采用 Fabless 模式，委外晶圆制造、封装测试，主要晶圆供应商为中芯国际，封测供应商包括江阴长电、日月光半导体等；销售以经销为主，2016年至2019年1-6月经销占比分别为83.70%、86.75%、89.12%、86.55%。,171,78,78,0,6,15,22,22,11,2,13,0.16666666666666666,3,-10,2.2948717948717947,
688123_1207173489_glm4_dewrap_join_chunk_0003,688123,聚辰股份,1207173489,3,19,results/glm4_dewrap_join_pilot5_20260705/chunks/688123_1207173489_glm4_dewrap_join_chunk_0003.txt,dewrap_join,THUDM/glm-4-9b-chat-hf,4000,7540,7267,3998,3998,19,3998,251,251,公司主要客户多为长期合作客户，EEPROM、音圈马达驱动芯片的主要下游终端客户为手机模组厂、液晶面板厂商等，且公司产品在主要经销商同类产品中占比较高，经销商变动导致主要终端客户流失的风险较小。公司销售定价综合参考同类产品市场价格、竞争情况、客户区域拓展、合作关系和成本，经销模式下会与终端客户协商销售指导价，再与经销商确定销售价格。境外销售采用经销为主、直销为辅，通常由上海总部发货至香港进出口再对外销售，主要境外客户位于中国香港、中国台湾、韩国，报告期境外销售未受当地进口政策或贸易摩擦重大不利影响。,126,67,67,0,5,18,24,15,5,0,5,0.07462686567164178,3,-2,1.955223880597015,
688123_1207173489_glm4_dewrap_join_chunk_0004,688123,聚辰股份,1207173489,4,19,results/glm4_dewrap_join_pilot5_20260705/chunks/688123_1207173489_glm4_dewrap_join_chunk_0004.txt,dewrap_join,THUDM/glm-4-9b-chat-hf,4000,7340,6882,3997,3997,19,3997,175,175,"公司所属行业为“C39计算机、通信和其他电子设备制造业”，主营集成电路产品研发设计和销售，处于集成电路设计环节。行业披露显示，2018年中国集成电路行业销售额为6,532亿元，同比增长20.7%，2014年至2018年复合年均增长率21.3%；同期集成电路设计业销售额2,519.3亿元，同比增长21.5%，设计环节占行业销售额比例升至38.57%。",88,63,63,0,6,38,15,3,1,0,1,0.015873015873015872,2,1,1.2857142857142858,
688123_1207173489_glm4_dewrap_join_chunk_0005,688123,聚辰股份,1207173489,5,19,results/glm4_dewrap_join_pilot5_20260705/chunks/688123_1207173489_glm4_dewrap_join_chunk_0005.txt,dewrap_join,THUDM/glm-4-9b-chat-hf,4000,6405,5869,3753,3753,19,3753,201,206,EEPROM 是发行人核心产品所处细分市场，凭借高可靠性、百万次擦写、低成本等特性应用于消费电子、计算机及周边、工业控制、通信等领域，并受智能手机摄像头和汽车电子需求推动。赛迪顾问统计，2018年全球 EEPROM 市场规模7.14亿美元，同比增长5.61%，预计2023年达9.05亿美元；智能手机摄像头 EEPROM 需求由2016年9.08亿颗增至2018年21.63亿颗，预计2023年达55.25亿颗。,101,42,42,0,4,28,8,1,1,0,1,0.023809523809523808,2,1,1.2142857142857142,
688123_1207173489_glm4_dewrap_join_chunk_0006,688123,聚辰股份,1207173489,6,19,results/glm4_dewrap_join_pilot5_20260705/chunks/688123_1207173489_glm4_dewrap_join_chunk_0006.txt,dewrap_join,THUDM/glm-4-9b-chat-hf,4000,7131,6638,3977,3977,19,3977,237,238,发行人掌握与主营业务相关的多项核心技术，已取得中国专利44项、美国专利5项，正在申请发明专利20项、集成电路布图设计登记证书44项，并将25项核心技术应用于现有产品及募投项目产品。公司工业级EEPROM已达到国际竞争对手水平，终端用户包括三星、华为、小米、OPPO、京东方、海尔等，并通过英特尔授权AVL Labs认证。2018年公司为全球第三大EEPROM供应商，份额8.17%，在国内企业中第一；智能手机摄像头EEPROM全球第一，份额42.72%，年供货能力近10亿颗。,119,64,64,0,10,31,4,6,9,4,13,0.203125,3,-10,1.765625,
688123_1207173489_glm4_dewrap_join_chunk_0007,688123,聚辰股份,1207173489,7,19,results/glm4_dewrap_join_pilot5_20260705/chunks/688123_1207173489_glm4_dewrap_join_chunk_0007.txt,dewrap_join,THUDM/glm-4-9b-chat-hf,4000,6592,6119,3888,3888,19,3888,282,283,公司2015年完成全系列WLCSP EEPROM布局，覆盖2Kbit-1024Kbit，并较早提供128Kbit、量产256Kbit产品，应用于华为Mate/P系列及三星旗舰机型摄像头模组，2017年开发200um典型厚度超薄方案。音圈马达驱动芯片方面，2018年收入占全球市场约0.63%，开环产品在工作电压、最快稳定时间、最大容忍马达频率变化范围等指标达到国际竞争对手水平，并具备驱动芯片与EEPROM二合一技术。智能卡芯片方面，公司非接触逻辑加密卡在最小工作场强、0.13um工艺和嵌入式EEPROM性能等指标达国内领先，智能卡芯片收入占国内市场约0.40%。,141,78,78,0,7,23,8,12,19,9,28,0.358974358974359,3,-25,2.5128205128205128,
688123_1207173489_glm4_dewrap_join_chunk_0008,688123,聚辰股份,1207173489,8,19,results/glm4_dewrap_join_pilot5_20260705/chunks/688123_1207173489_glm4_dewrap_join_chunk_0008.txt,dewrap_join,THUDM/glm-4-9b-chat-hf,4000,7046,6285,3968,3968,19,3968,291,295,发行人512Kbit大容量EEPROM工作电压1.7V-5.5V、温度-40℃-85℃，耐擦写400万次、数据保存100年、HBM ESD达8000V，可靠性已达国际竞争对手水平，静电防护和低功耗指标领先。手机摄像头EEPROM方面，公司2015年完成2Kbit-1024Kbit WLCSP全系列布局，较早提供128Kbit并量产256Kbit产品，应用于华为Mate/P系列及三星旗舰机型。其64Kbit、128Kbit、256Kbit WLCSP产品HBM ESD均为8000V，待机及读写功耗低于公开披露的同容量竞争产品；2018年基于1.01um2存储单元实现128Kbit量产。,146,72,72,0,12,20,9,8,16,7,23,0.3194444444444444,3,-20,2.236111111111111,
688123_1207173489_glm4_dewrap_join_chunk_0009,688123,聚辰股份,1207173489,9,19,results/glm4_dewrap_join_pilot5_20260705/chunks/688123_1207173489_glm4_dewrap_join_chunk_0009.txt,dewrap_join,THUDM/glm-4-9b-chat-hf,4000,7518,7112,3999,3999,19,3999,310,310,"2018年发行人音圈马达驱动芯片收入593.50万元，按全球1.43亿美元市场规模测算份额约0.63%；智能卡芯片收入3,861.35万元，按中国95.91亿元市场规模测算份额约0.40%。公司截至2019年6月30日拥有境内发明专利28项、实用新型16项、美国专利5项、布图设计44项，正在申请境内发明专利20项。EEPROM方面，公司通过电荷泵、ECC和1.01um2存储单元设计技术提升低电压适配、可靠性和性价比，耐擦写次数由100万次提升至400万次以上，数据保持100年以上。公司2018年为全球第一的智能手机摄像头EEPROM供应商，份额42.72%，并与舜宇、欧菲、丘钛、信利、立景、富士康等形成稳定合作。",155,86,86,0,5,16,18,17,22,8,30,0.3488372093023256,4,-26,2.686046511627907,
688123_1207173489_glm4_dewrap_join_chunk_0010,688123,聚辰股份,1207173489,10,19,results/glm4_dewrap_join_pilot5_20260705/chunks/688123_1207173489_glm4_dewrap_join_chunk_0010.txt,dewrap_join,THUDM/glm-4-9b-chat-hf,4000,6497,6099,3673,3673,19,3673,335,335,"报告期内公司主要产品为EEPROM、智能卡芯片和音圈马达驱动芯片，2018年合计产量165,797.00万颗、销量156,992.32万颗，2019年1-6月合计产量99,995.71万颗、销量99,648.61万颗。EEPROM销量从2016年64,086.41万颗增至2018年126,148.02万颗，2017年和2018年增长率分别为26.53%、55.56%。主营收入以EEPROM为主，2016年至2019年1-6月收入占比分别为78.10%、84.40%、89.20%、88.42%。公司销售以经销为主，2018年经销收入38,515.65万元、占89.12%；2019年1-6月前五大客户中深圳市智嘉电子销售4,593.04万元、占营业收入19.17%。",168,78,78,0,4,31,9,10,18,6,24,0.3076923076923077,4,-20,2.3205128205128207,
688123_1207173489_glm4_dewrap_join_chunk_0011,688123,聚辰股份,1207173489,11,19,results/glm4_dewrap_join_pilot5_20260705/chunks/688123_1207173489_glm4_dewrap_join_chunk_0011.txt,dewrap_join,THUDM/glm-4-9b-chat-hf,4000,6615,5937,3916,3916,19,3916,230,230,"报告期内公司前五大客户销售占营业收入比例约54.79%至61.23%，主要经销商自2010年至2015年起合作，销售EEPROM、音圈马达驱动芯片、智能卡芯片，应用于手机摄像头、液晶面板、显示器和智能卡等领域，且与公司及董监高、主要股东不存在关联关系。公司不直接从事芯片生产加工，主要采购晶圆和封装测试服务，2019年1-6月采购额分别为8,203.21万元和6,712.69万元，前五大生产加工供应商采购占比98.87%，其中中芯国际承担晶圆及部分封测采购。",115,34,34,0,3,5,6,10,8,2,10,0.29411764705882354,2,-8,2.6176470588235294,
688123_1207173489_glm4_dewrap_join_chunk_0012,688123,聚辰股份,1207173489,12,19,results/glm4_dewrap_join_pilot5_20260705/chunks/688123_1207173489_glm4_dewrap_join_chunk_0012.txt,dewrap_join,THUDM/glm-4-9b-chat-hf,4000,6696,6133,3981,3981,19,3981,242,242,公司自2010年起与日月光昆山合作采购芯片封装测试服务，2014年起与华天科技、淄博凯胜合作，2018年因淄博凯胜模块封装测试业务转移至山东新恒汇，公司相应建立与山东新恒汇的业务往来。公司采购价格参照行业平均价格并结合工艺、产能、需求量等商业谈判确定，主要封测供应商确认交易定价具有合理性和公允性。报告期主要产品采取以销定产，EEPROM、智能卡芯片、音圈马达驱动芯片产量与销量总体接近，2019年1-6月采购折扣231.05万元，占当期采购金额1.55%，未对经营业绩造成重大影响。,121,37,37,0,2,8,8,9,8,2,10,0.2702702702702703,3,-7,2.5135135135135136,
688123_1207173489_glm4_dewrap_join_chunk_0013,688123,聚辰股份,1207173489,13,19,results/glm4_dewrap_join_pilot5_20260705/chunks/688123_1207173489_glm4_dewrap_join_chunk_0013.txt,dewrap_join,THUDM/glm-4-9b-chat-hf,4000,6322,5627,3999,3999,19,3999,221,221,截至2019年6月30日，发行人在中国已取得44项专利证书，其中发明和实用新型专利覆盖非易失性存储器、EEPROM写保护、音圈马达驱动、智能卡安全、运算放大器等技术方向，部分专利为继受取得并具有资产转让或吸收合并背景。发行人在美国取得5项发明专利，涉及开关电源控制器、存储阵列、非易失性半导体存储器写保护、相机镜头音圈马达驱动及低电压电荷泵电路，且披露境外专利不存在侵犯他人知识产权或影响境外销售情形；同时拥有44项集成电路布图设计登记证书。,111,22,22,0,1,4,4,5,6,2,8,0.36363636363636365,2,-6,2.772727272727273,
688123_1207173489_glm4_dewrap_join_chunk_0014,688123,聚辰股份,1207173489,14,19,results/glm4_dewrap_join_pilot5_20260705/chunks/688123_1207173489_glm4_dewrap_join_chunk_0014.txt,dewrap_join,THUDM/glm-4-9b-chat-hf,4000,6830,6135,3949,3949,19,3949,242,244,截至2019年6月30日，发行人44项集成电路布图设计登记证书中42项已用于现有产品或作为技术储备，覆盖EEPROM、运算放大器、智能卡芯片和音圈马达驱动芯片。发行人通过授权使用ViCs、RSA5X、RSA5和NeoBit OTP IP等IP核，但相关IP核仅为辅助工具且存在替代方案。公司取得高新技术企业、集成电路设计企业、集成电路卡注册、商用密码产品型号等资质，并掌握25项核心技术，涉及EEPROM高能效电荷泵、在线纠错、音圈马达快速稳定、智能卡安全防护和CMOS放大器设计等方向。,121,36,36,0,2,6,5,8,10,5,15,0.4166666666666667,3,-12,2.9166666666666665,
688123_1207173489_glm4_dewrap_join_chunk_0015,688123,聚辰股份,1207173489,15,19,results/glm4_dewrap_join_pilot5_20260705/chunks/688123_1207173489_glm4_dewrap_join_chunk_0015.txt,dewrap_join,THUDM/glm-4-9b-chat-hf,4000,6587,6082,3968,3968,19,3968,310,311,"报告期内公司核心技术产品收入分别为30,675.37万元、34,385.79万元、43,219.22万元和23,960.40万元，占营业收入比例均为100.00%。发行人核心技术集中于EEPROM、音圈马达驱动芯片、智能卡芯片和运算放大器，其中在线纠错技术将EEPROM耐擦写次数由100万次提升至400万次以上，高温擦写次数达20万次以上；无字节选择管EEPROM阵列使存储器阵列面积减少近1/3。音圈马达快速稳定算法将稳定时间由约100ms-200ms降至几毫秒，PWM调制方式降低约50%-70%驱动功耗，ISO/IEC 14443智能卡芯片数据保存时间最高25年、擦写次数最高50万次、ESD保护电压达8000V。",155,38,38,0,1,4,3,6,14,10,24,0.631578947368421,3,-21,3.526315789473684,
688123_1207173489_glm4_dewrap_join_chunk_0016,688123,聚辰股份,1207173489,16,19,results/glm4_dewrap_join_pilot5_20260705/chunks/688123_1207173489_glm4_dewrap_join_chunk_0016.txt,dewrap_join,THUDM/glm-4-9b-chat-hf,4000,7218,6752,3992,3992,19,3992,282,311,公司 EEPROM 核心技术包括在线纠错、编程/擦除电压斜率控制、1.01um2 新一代存储单元设计、多路及读写通路复用 Y 译码驱动、无字节选择管阵列和高精度温度传感器。在线纠错将 EEPROM 耐擦写次数由 100 万次提升至 400 万次以上，数据保持 100 年以上，高温擦写 20 万次以上；1.01um2 工艺下 128Kbit 产品已于 2018 年量产，Y 译码复用节省面积 20%以上，无字节选择管阵列面积减少近 1/3，温度传感器精度达 0.2℃。音圈马达驱动芯片技术可将稳定时间降至几毫秒、周期容忍度达正负 60%以上，PWM 调制降低约 50%-70%功耗，并实现驱动芯片与 EEPROM 二合一。,141,88,88,0,8,16,18,20,22,4,26,0.29545454545454547,3,-23,2.5,
688123_1207173489_glm4_dewrap_join_chunk_0017,688123,聚辰股份,1207173489,17,19,results/glm4_dewrap_join_pilot5_20260705/chunks/688123_1207173489_glm4_dewrap_join_chunk_0017.txt,dewrap_join,THUDM/glm-4-9b-chat-hf,4000,6916,6378,3976,3976,19,3976,309,339,发行人 EEPROM 技术体系包括 8 项自主研发技术及多项中美专利，在线纠错将耐擦写次数由 100 万次提升至 400 万次以上，多类 Y 译码和无字节选择管阵列降低芯片面积与成本，高精度温度传感器支撑 SPD EEPROM 及 DDR5 EEPROM 技术储备。音圈马达驱动芯片形成 7 项核心技术并申请多项专利，快速稳定、阻尼算法、自检测和低温漂基准源用于缩短稳定时间，二合一技术在同一工艺上集成音圈马达驱动芯片与 EEPROM，PWM 调制降低约 50%-70%功耗。智能卡芯片形成 6 项核心技术及多项专利，覆盖 ISO/IEC 14443、ISO/IEC 15693、DES/3DES/SMS4 防护、RSA/ECC 加速、主动防御屏蔽层和非接触 CPU 卡低功耗。,155,82,82,0,7,16,20,15,20,4,24,0.2926829268292683,3,-21,2.451219512195122,
688123_1207173489_glm4_dewrap_join_chunk_0018,688123,聚辰股份,1207173489,18,19,results/glm4_dewrap_join_pilot5_20260705/chunks/688123_1207173489_glm4_dewrap_join_chunk_0018.txt,dewrap_join,THUDM/glm-4-9b-chat-hf,4000,6387,5722,3736,3736,19,3736,327,371,"公司研发项目覆盖音频功放、DDR5 EEPROM、LP NOR FLASH、智能卡、半桥电机驱动器及多类 EEPROM。2x20W 立体声数字音频功放项目预算 1,487 万元，目标将失调电压降至小于 1mV；8Kbit DDR5 存储芯片与澜起科技合作研发，拟通过两点修调实现最大误差正负 0.25℃、面积 0.35mm*mm，预算 1,009 万元。LP NOR FLASH 已完成流片并测试，拟将待机电流降至 15uA 以下；半桥电机驱动器拟实现 80V 电压应用并向 100V 延伸。报告期研发费用由 2016 年 4,882.59 万元增至 2018 年 6,341.15 万元，2019 年 1-6 月为 2,791.25 万元，占营业收入 11.65%；截至 2019 年 6 月末研发人员 64 人，占员工总数 42.38%。",164,95,95,0,8,10,28,22,22,5,27,0.28421052631578947,4,-23,2.5789473684210527,
688123_1207173489_glm4_dewrap_join_chunk_0019,688123,聚辰股份,1207173489,19,19,results/glm4_dewrap_join_pilot5_20260705/chunks/688123_1207173489_glm4_dewrap_join_chunk_0019.txt,dewrap_join,THUDM/glm-4-9b-chat-hf,4000,3466,3296,1937,1937,19,1937,226,255,"2016 年末至 2019 年 6 月末，公司研发人员由 58 人增至 64 人，2018 年人均产量 2,717.98 万颗、人均产值 708.51 万元，扣除股份支付后人均利润 176.10 万元。公司研发中心包括设计部、系统应用部、测试部、技术开发部，截至 2019 年 6 月 30 日研发人员占比 42.38%，核心技术人员 6 人且保持稳定。公司已通过 ISO9001 质量管理体系认证，质量控制覆盖产品研发验证、晶圆 WAT 检测和可靠性监控、封测进料检验、加工过程控制、测试验收及仓储出货管理。",113,55,55,0,3,18,20,10,4,0,4,0.07272727272727272,3,-1,1.8909090909090909,
688311_1208080135_glm4_dewrap_join_chunk_0001,688311,盟升电子,1208080135,1,17,results/glm4_dewrap_join_pilot5_20260705/chunks/688311_1208080135_glm4_dewrap_join_chunk_0001.txt,dewrap_join,THUDM/glm-4-9b-chat-hf,4000,6400,6141,3972,3972,17,3972,210,210,发行人盟升电子专注卫星应用技术，是卫星导航和卫星通信终端设备研发、制造、销售及技术服务企业，产品包括基于北斗的导航接收机、组件、专用测试设备，以及动中通天线、信标机和跟踪接收机等。公司产品覆盖国防军事、海事、民航等领域，已掌握卫星导航和卫星通信终端设备核心技术。高动态、一体式和分体式抗干扰导航接收机、OEM板卡、定位定向接收机等产品具备高动态、抗干扰、宽温、低功耗或高精度指标，部分抗干扰能力高于国内行业水平10dB。,105,64,64,0,5,4,22,14,16,3,19,0.296875,3,-16,2.640625,
688311_1208080135_glm4_dewrap_join_chunk_0002,688311,盟升电子,1208080135,2,17,results/glm4_dewrap_join_pilot5_20260705/chunks/688311_1208080135_glm4_dewrap_join_chunk_0002.txt,dewrap_join,THUDM/glm-4-9b-chat-hf,4000,6493,6211,3969,3969,17,3969,313,313,"公司卫星通信动中通产品覆盖有人机、无人机、船载、车载及海事等场景，采用多系统融合跟踪、桁架结构、模块化和多天线集成等设计。有人机、无人机动中通跟踪精度达0.2°以内，可承受40g冲击及10g振动，并能在55,000ft、-55℃至70℃环境下工作；Ka船载动中通下载速率不低于100Mbps，可供700多人使用。报告期内公司收入由2017年16,056.82万元增至2019年28,306.50万元，其中2019年卫星导航和卫星通信收入占比分别为54.06%、45.94%，军工和民用产品占比分别为64.50%、35.50%。外协采购不涉及关键工序或关键技术，2019年外协件采购487.52万元，占原材料采购总额4.04%。",157,92,92,0,3,8,26,22,27,6,33,0.358695652173913,4,-29,2.869565217391304,
688311_1208080135_glm4_dewrap_join_chunk_0003,688311,盟升电子,1208080135,3,17,results/glm4_dewrap_join_pilot5_20260705/chunks/688311_1208080135_glm4_dewrap_join_chunk_0003.txt,dewrap_join,THUDM/glm-4-9b-chat-hf,4000,7500,7273,3982,3982,17,3982,237,237,公司对外协厂商实行准入、持续管理、质量检验和现场检查，报告期内未出现因外协产品造成客户产品质量问题。外协环节主要为PCBA、筛选物料、结构件加工、表面处理和第三方实验等非核心环节，公司输出资料经脱密处理，报告期内未发生失泄密问题，2019年10月经四川省保密局现场检查不存在违反保密法律法规情形。公司军品销售依托北斗导航终端、军用动中通天线及核心部件，已列入多家主要军工集团下属科研院所军品采购名录；民品主要销售动中通天线、信标机和跟踪接收机，并开展流量分成业务但暂不扩张。,119,85,85,0,4,23,24,25,8,1,9,0.10588235294117647,4,-5,2.152941176470588,
688311_1208080135_glm4_dewrap_join_chunk_0004,688311,盟升电子,1208080135,4,17,results/glm4_dewrap_join_pilot5_20260705/chunks/688311_1208080135_glm4_dewrap_join_chunk_0004.txt,dewrap_join,THUDM/glm-4-9b-chat-hf,4000,7320,7034,3995,3995,17,3995,237,237,"发行人卫星导航产品主要应用于国防军事领域，属于基于北斗卫星导航系统的导航终端设备及核心部件，实际军工运用中仅兼容北斗卫星导航系统；卫星通信产品主要应用于海事、民航市场。公司产品从技术角度可按客户要求兼容北斗、GPS、GLONASS系统，但军工领域为保障位置、时间等战略资源自主可控而使用北斗信号。2009年至2019年我国中央公共财政国防预算支出由4,829.85亿元增至11,898.76亿元，复合增长率9.44%，公司所处军工电子信息领域受国防信息化和装备更新需求带动。",119,88,88,0,7,57,8,10,5,1,6,0.06818181818181818,3,-3,1.4545454545454546,
688311_1208080135_glm4_dewrap_join_chunk_0005,688311,盟升电子,1208080135,5,17,results/glm4_dewrap_join_pilot5_20260705/chunks/688311_1208080135_glm4_dewrap_join_chunk_0005.txt,dewrap_join,THUDM/glm-4-9b-chat-hf,4000,7217,6909,3966,3966,17,3966,234,234,"公司卫星通信产品不依赖北斗导航系统，而是与通信卫星进行信息交换；卫星导航产品因主要用于国防军事领域，须使用我国北斗卫星导航系统的信息资源。2017年至2019年，公司卫星导航系列产品收入分别为12,929.47万元、12,211.15万元和15,301.39万元，卫星通信系列产品收入分别为3,127.35万元、8,037.66万元和13,005.11万元，整体增长。公司已成为卫星导航和卫星通信终端设备制造领域国内主要供应商之一，并依托技术、产品和客户优势参与竞争。",117,80,80,0,5,48,12,8,5,2,7,0.0875,4,-3,1.575,
688311_1208080135_glm4_dewrap_join_chunk_0006,688311,盟升电子,1208080135,6,17,results/glm4_dewrap_join_pilot5_20260705/chunks/688311_1208080135_glm4_dewrap_join_chunk_0006.txt,dewrap_join,THUDM/glm-4-9b-chat-hf,4000,7355,7076,3998,3998,17,3998,242,242,发行人专注卫星导航和卫星通信终端设备研发、制造、销售及技术服务，是国家高新技术企业，获四川省级工程研究中心和工程实验室、四川省企业技术中心等认定。公司卫星导航产品主要用于国防军事领域，参与多个装备型号研制，多款产品完成定型并进入批量生产，配套层级由模块向整机和系统提升。发行人自主掌握导航天线、微波变频、信号与信息处理等核心技术，具备全国产化设计能力和卫星导航模拟测试设备研制能力，卫星通信动中通产品覆盖机载、船载、车载及L、S、Ku、Ka频段，民航机载动中通通过空客、波音适航认证。,121,78,78,0,2,34,22,12,6,2,8,0.10256410256410256,3,-5,1.8974358974358974,
688311_1208080135_glm4_dewrap_join_chunk_0007,688311,盟升电子,1208080135,7,17,results/glm4_dewrap_join_pilot5_20260705/chunks/688311_1208080135_glm4_dewrap_join_chunk_0007.txt,dewrap_join,THUDM/glm-4-9b-chat-hf,4000,6881,6428,3993,3993,17,3993,278,278,"发行人与军工电子、卫星导航和卫星通信终端领域企业比较经营与技术指标，报告期内公司营业收入由2017年16,056.82万元增至2019年28,306.50万元，扣非归母净利润由1,315.75万元增至6,983.14万元。2017、2018年公司收入增速分别为10.10%、26.11%，高于可比公司平均值；2019年收入增速39.79%，与可比公司42.01%较为可比。公司2018、2019年扣非归母净利润增速分别为132.17%、128.59%，高于可比公司平均水平，主要受重点新型武器装备卫星导航产品销售规模提升、毛利率改善及可比公司经营波动影响。",139,63,63,0,4,30,17,6,4,2,6,0.09523809523809523,3,-3,1.7142857142857142,
688311_1208080135_glm4_dewrap_join_chunk_0008,688311,盟升电子,1208080135,8,17,results/glm4_dewrap_join_pilot5_20260705/chunks/688311_1208080135_glm4_dewrap_join_chunk_0008.txt,dewrap_join,THUDM/glm-4-9b-chat-hf,4000,6582,6112,3986,3986,17,3986,321,321,"公司2019、2018、2017年综合毛利率分别为65.91%、64.89%、57.84%，销售净利率分别为24.67%、15.09%、8.19%，整体高于可比公司平均水平。公司研发费用分别为2,819.12万元、2,884.70万元、1,903.65万元，占收入比为9.96%、14.25%、11.86%。在卫星导航产品关键指标上，公司动态特性达速度≤8000m/s、加速度≤60g、加加速度≤30g/s，定位精度水平≤3m、高程≤5m，测速精度≤0.15m/s，窄带抗干扰干信比优于90dB。公司主要产品包括卫星导航接收机、组件、专用测试设备，以及卫星通信天线和组件；其核心技术覆盖导航天线、微波变频、信号处理、天馈设计、伺服跟踪等环节。",161,91,91,0,5,37,23,13,9,4,13,0.14285714285714285,4,-9,1.956043956043956,
688311_1208080135_glm4_dewrap_join_chunk_0009,688311,盟升电子,1208080135,9,17,results/glm4_dewrap_join_pilot5_20260705/chunks/688311_1208080135_glm4_dewrap_join_chunk_0009.txt,dewrap_join,THUDM/glm-4-9b-chat-hf,4000,6906,6498,3984,3984,17,3984,306,306,公司卫星通信产品覆盖船载、机载、车载平台，船载Ka频段天线口径0.6m、初始捕捉时间≤2min、跟踪精度0.2°，车载Ku频段天线初始捕捉时间≤120s、跟踪精度≤0.2°，与上市公司竞争对手处于同一水平。公司近年来参与重点武器装备研制数量增加，产品定型数量快速增长，并与航天科技、航天科工、中国电科、中航工业等主要军工集团下属科研院所建立长期项目合作关系。公司自主掌握卫星导航天线、微波变频、信号与信息处理等核心技术，具备全国产化设计能力；卫星通信领域掌握天馈设计、射频及微波、传动结构、惯性导航及伺服跟踪等核心技术。其卫星通信产品通过多家知名客户认证并进入批量生产，民航机载动中通产品通过空客、波音适航认证。,153,84,84,0,4,30,23,14,9,4,13,0.15476190476190477,4,-9,2.0714285714285716,
688311_1208080135_glm4_dewrap_join_chunk_0010,688311,盟升电子,1208080135,10,17,results/glm4_dewrap_join_pilot5_20260705/chunks/688311_1208080135_glm4_dewrap_join_chunk_0010.txt,dewrap_join,THUDM/glm-4-9b-chat-hf,4000,6130,5544,3579,3579,17,3579,371,372,"公司已形成涵盖机载、船载、车载平台并覆盖L、S、Ku、Ka频段的动中通产品体系，在民航、海洋渔业领域积累商业化经验。报告期内公司产能利用率持续较高，2017至2019年分别为125.05%、122.70%、127.51%；2019年卫星导航产品产量1,199台套、销量1,171台套，卫星通信产品产量1,948台套、销量1,760台套。公司主营收入由2017年16,056.82万元增至2019年28,306.50万元，其中2019年卫星导航收入15,301.39万元、占54.06%，卫星通信收入13,005.11万元、占45.94%。2019年前五名客户销售额合计25,263.62万元、占收入89.25%，其中航天科工集团下属单位合计占32.22%，CHINA USAT占21.73%，航天科技集团占14.69%，中国电科占13.04%。",186,86,86,0,3,31,19,14,13,6,19,0.22093023255813954,4,-15,2.244186046511628,
688311_1208080135_glm4_dewrap_join_chunk_0011,688311,盟升电子,1208080135,11,17,results/glm4_dewrap_join_pilot5_20260705/chunks/688311_1208080135_glm4_dewrap_join_chunk_0011.txt,dewrap_join,THUDM/glm-4-9b-chat-hf,4000,6289,5653,3853,3853,17,3853,199,199,报告期内公司客户集中度较高，前五大客户同一控制合并口径销售占比2017至2019年分别为72.13%、73.92%、89.25%，非同一控制口径为44.18%、58.64%、60.85%，与可比公司均值较为可比；主要客户为中国航天科工、航天科技、电子科技等军工集团下属单位，军品主要客户合作年限超过5年；原材料采购以模块及组件为主，2019年采购占比56.57%，前五大供应商采购占比44.98%。,100,76,76,0,5,9,17,22,20,3,23,0.3026315789473684,1,-22,2.6842105263157894,
688311_1208080135_glm4_dewrap_join_chunk_0012,688311,盟升电子,1208080135,12,17,results/glm4_dewrap_join_pilot5_20260705/chunks/688311_1208080135_glm4_dewrap_join_chunk_0012.txt,dewrap_join,THUDM/glm-4-9b-chat-hf,4000,6041,5141,3964,3964,17,3964,168,168,"截至2019年末，公司固定资产原值12,026.00万元、账面价值6,417.30万元，其中机器设备账面价值4,612.61万元、成新率52.49%，机器设备原值中研发设备4,727.41万元；公司拥有7项境内商标和3项土地使用权；作为专利权人拥有70项专利，其中发明专利7项、实用新型48项、外观设计15项，均为原始取得且无他项权利。",84,89,89,0,6,5,23,19,30,6,36,0.4044943820224719,1,-35,2.898876404494382,
688311_1208080135_glm4_dewrap_join_chunk_0013,688311,盟升电子,1208080135,13,17,results/glm4_dewrap_join_pilot5_20260705/chunks/688311_1208080135_glm4_dewrap_join_chunk_0013.txt,dewrap_join,THUDM/glm-4-9b-chat-hf,4000,6158,5541,3954,3954,17,3954,187,188,公司拥有5项软件著作权和2个域名，相关权利无他项权利，报告期内不存在知识产权许可使用或纠纷；发行人通过盟升科技开展卫星导航及军用卫星通信业务，通过国卫通信开展民用卫星通信业务，已取得军品、北斗导航民用服务、质量体系、高新技术企业、DNV GL船级社、外贸及报关等资质；卫星导航领域已形成13项批量生产核心技术，涵盖抗干扰天线、变频处理、捕获跟踪、实时差分、模拟仿真和授守时等。,94,84,84,0,4,8,18,22,27,5,32,0.38095238095238093,1,-31,2.892857142857143,
688311_1208080135_glm4_dewrap_join_chunk_0014,688311,盟升电子,1208080135,14,17,results/glm4_dewrap_join_pilot5_20260705/chunks/688311_1208080135_glm4_dewrap_join_chunk_0014.txt,dewrap_join,THUDM/glm-4-9b-chat-hf,4000,6265,5852,3936,3936,17,3936,210,210,"公司卫星通信领域形成动中通伺服跟踪、惯导零偏估计、两级齿轮传动、螺旋阵列圆极化、宽频及多频微带天线等核心技术，部分指标包括初始搜星120s以内、跟踪精度0.2°RMS以内；22项核心技术广泛应用于卫星导航和卫星通信产品，报告期核心技术产品产量为2017至2019年2,360、2,866、2,856台套，销量为2,260、2,574、2,570台套；2019年卫星通信国内收入6,267.24万元，市场占有率0.78%。",105,92,92,0,3,7,16,24,34,8,42,0.45652173913043476,1,-41,3.119565217391304,
688311_1208080135_glm4_dewrap_join_chunk_0015,688311,盟升电子,1208080135,15,17,results/glm4_dewrap_join_pilot5_20260705/chunks/688311_1208080135_glm4_dewrap_join_chunk_0015.txt,dewrap_join,THUDM/glm-4-9b-chat-hf,4000,6619,6154,3960,3960,17,3960,201,201,"公司卫星导航产品多项性能达到或超过客户要求，如抗干扰系统窄带抗干扰能力不小于90dB干信比、射频模块相位一致性±4°、卫导接收机速度8000m/s；卫星通信动中通产品在捕捉时间、跟踪精度和天线增益方面与第一梯队厂商可比，Ku_Ka双频机载动中通已批量应用于沙特航空客机；2019年研发人员92人，占员工33.45%，研发费用2,819.12万元，占营业收入9.96%，并有多项在研项目指标优于行业水平。",101,87,87,0,5,12,17,19,27,7,34,0.39080459770114945,1,-33,2.8275862068965516,
688311_1208080135_glm4_dewrap_join_chunk_0016,688311,盟升电子,1208080135,16,17,results/glm4_dewrap_join_pilot5_20260705/chunks/688311_1208080135_glm4_dewrap_join_chunk_0016.txt,dewrap_join,THUDM/glm-4-9b-chat-hf,4000,7035,6405,3993,3993,17,3993,310,311,"盟升电子在研卫星通信项目包括0.8米Ku频段机载动中通、0.9米Ku/Ka双频车载动中通、卫星通导一体化天线、视距测控系统、低轨卫星通信天线和相控阵天线技术，部分项目具备天线效率、跟踪精度、阵元减少30%、作用距离高于国内水平15%等指标。公司卫星导航、卫星通信在研项目列示了阶段、投入经费、人员投入及是否合作研发，多个项目已进入工程研制、生产鉴定或技术鉴定阶段。报告期境外收入为866.71万元、3,521.61万元和6,737.87万元，主要客户Taqnia Space、USAT、Frontier合计占境外销售收入92.82%、96.18%、97.93%，双频机载平板动中通天线2018年进入批量销售后规模快速增长。",155,93,93,0,10,28,12,16,20,7,27,0.2903225806451613,3,-24,2.3118279569892475,
688311_1208080135_glm4_dewrap_join_chunk_0017,688311,盟升电子,1208080135,17,17,results/glm4_dewrap_join_pilot5_20260705/chunks/688311_1208080135_glm4_dewrap_join_chunk_0017.txt,dewrap_join,THUDM/glm-4-9b-chat-hf,4000,281,242,154,154,17,154,166,169,"2019年公司向Taqnia Space销售37.19万元，产品为1台0.45米民航双频平板天线及配件；向USAT销售6,151.63万元，产品为32台双频机载平板动中通天线产品及配件。USAT采购构成当年对Taqnia Space相关批量销售的主要部分，Taqnia Space另为参加德国汉堡航空内饰展订购1台展示用民航双频平板天线。",83,5,5,0,1,0,0,0,3,1,4,0.8,2,-2,3.4,
688038_1210429108_glm4_dewrap_join_chunk_0001,688038,中科通达,1210429108,1,16,results/glm4_dewrap_join_pilot5_20260705/chunks/688038_1210429108_glm4_dewrap_join_chunk_0001.txt,dewrap_join,THUDM/glm-4-9b-chat-hf,4000,6985,6573,3956,3956,16,3956,309,311,公司主营业务为通过大数据、云计算等新一代信息技术，为公安部门提供公共安全管理信息化系统设计、开发、建设及运维服务，客户主要为各省市公安部门。公司服务包括信息化系统开发建设、运维、软件开发及销售，已形成公安大数据综合应用平台、智能交通综合管控平台、X-Data Center数据中台、X-Magic Cube数据魔方等软件平台。报告期主营业务收入分别为2.65亿元、4.37亿元、4.91亿元，占营业收入99.18%、98.69%、99.06%；2020年信息化系统开发建设收入4.38亿元，占比88.30%。直接客户主要为公安机关、基础网络运营商及总包方，2020年收入占比分别为24.40%、48.25%、27.35%。,155,86,86,0,8,12,18,28,16,4,20,0.23255813953488372,3,-17,2.511627906976744,
688038_1210429108_glm4_dewrap_join_chunk_0002,688038,中科通达,1210429108,2,16,results/glm4_dewrap_join_pilot5_20260705/chunks/688038_1210429108_glm4_dewrap_join_chunk_0002.txt,dewrap_join,THUDM/glm-4-9b-chat-hf,4000,7121,6718,3976,3976,16,3976,288,288,"发行人与运营商合作包括联合体招投标和项目分包，发行人主要承担公安信息化系统开发建设及运维，运营商负责网络链路建设及整体项目管理。报告期运营商客户收入分别为9,395.48万元、16,330.61万元、23,930.82万元，其中分包模式收入占比由45.93%升至77.27%，合作以分包为主。分包模式收入合计分别为8,463.95万元、17,040.60万元、32,058.63万元，运营商客户占比分别为50.99%、62.24%、57.68%；联合体项目共3个，武汉经开区、十堰市及洪山区项目总金额分别为10,683.63万元、18,681.10万元、3,597.98万元。",144,94,94,0,7,16,20,30,17,4,21,0.22340425531914893,3,-18,2.4893617021276597,
688038_1210429108_glm4_dewrap_join_chunk_0003,688038,中科通达,1210429108,3,16,results/glm4_dewrap_join_pilot5_20260705/chunks/688038_1210429108_glm4_dewrap_join_chunk_0003.txt,dewrap_join,THUDM/glm-4-9b-chat-hf,4000,7137,6756,3991,3991,16,3991,258,258,"十堰市公共安全视频监控联网应用项目因资金安排变化，于2020年12月调整结算条款，归属于发行人的合同金额由12,200.00万元增至13,601.10万元，并改为湖北广电分6年背靠背支付，构成重大融资成分。变更后预计收入总额由11,007.42万元变为11,012.80万元。报告期运营商客户背靠背结算收入分别为2,221.36万元、8,704.68万元、23,539.69万元，占运营商收入23.64%、53.30%、98.37%；非运营商总包客户背靠背结算收入占比分别为30.17%、44.26%、69.29%。",129,76,76,0,6,32,15,11,9,3,12,0.15789473684210525,3,-9,1.9210526315789473,
688038_1210429108_glm4_dewrap_join_chunk_0004,688038,中科通达,1210429108,4,16,results/glm4_dewrap_join_pilot5_20260705/chunks/688038_1210429108_glm4_dewrap_join_chunk_0004.txt,dewrap_join,THUDM/glm-4-9b-chat-hf,4000,7278,6939,3902,3902,16,3902,197,197,发行人主要为公安部门提供公共安全管理信息化服务，所处下游包括公安机关及基础网络运营商。若项目需新建或扩容网络链路，基础网络运营商通常作为总承建方，发行人作为专业服务商承接公共安全管理信息化系统开发建设及运维；若不涉及大额网络链路投资，发行人可直接中标并与公安机关签约。公司采购上游包括基础软件、算法软件、前端感知设备、传输设备、存储及网络设备，行业进入壁垒主要体现为技术、资质、资金和项目经验。,99,82,82,0,9,52,11,6,4,0,4,0.04878048780487805,3,-1,1.3170731707317074,
688038_1210429108_glm4_dewrap_join_chunk_0005,688038,中科通达,1210429108,5,16,results/glm4_dewrap_join_pilot5_20260705/chunks/688038_1210429108_glm4_dewrap_join_chunk_0005.txt,dewrap_join,THUDM/glm-4-9b-chat-hf,4000,7413,7117,3988,3988,16,3988,290,291,"公司围绕公安信息化研发大数据处理和挖掘分析、海量小文件处理、跨网边界传输、微服务及分布式集群、虚拟化及Docker容器、地图服务引擎、数据治理和可视化数据建模等技术，并在公安数据汇聚、共享、综合平台和实战应用中产业化。2019年、2020年发行人湖北公安信息化市场占有率模拟测算为15.91%、25.97%。公司通过CMMI 5级认证，拥有电子与智能化工程专业承包壹级、安防工程企业设计施工维护壹级等资质。2018至2020年研发费用为1,783.71万元、2,652.87万元、2,875.70万元；截至招股说明书签署日，公司获授权专利57项，其中发明专利42项，受理专利49项。",145,65,65,0,3,8,9,18,18,9,27,0.4153846153846154,4,-23,3.0307692307692307,
688038_1210429108_glm4_dewrap_join_chunk_0006,688038,中科通达,1210429108,6,16,results/glm4_dewrap_join_pilot5_20260705/chunks/688038_1210429108_glm4_dewrap_join_chunk_0006.txt,dewrap_join,THUDM/glm-4-9b-chat-hf,4000,7177,6813,3888,3888,16,3888,227,227,"公司获湖北省智慧交通工程技术研究中心认定，并获批设立国家级博士后科研工作站；业务覆盖湖北、北京、天津、山东等区域，形成公共安全信息化项目经验。截至2020年末，公司技术人员161人，占总人数38%。2018至2020年营业收入由26,672.17万元增至49,597.04万元，复合增长率36.36%，但经营规模和市场占有率低于易华录、银江股份。2019年公司市场份额0.54%，2018年为0.37%，与全国性公安信息化服务商相比综合科研实力仍需增强。",114,92,92,0,6,25,18,20,18,5,23,0.25,3,-20,2.369565217391304,
688038_1210429108_glm4_dewrap_join_chunk_0007,688038,中科通达,1210429108,7,16,results/glm4_dewrap_join_pilot5_20260705/chunks/688038_1210429108_glm4_dewrap_join_chunk_0007.txt,dewrap_join,THUDM/glm-4-9b-chat-hf,4000,6598,5964,3941,3941,16,3941,282,283,"公司以公安信息化关键应用技术为核心，基于自主研发的X-Data Center数据中台及微服务架构，实现统一数据资源管理和集约数据支撑。截至招股说明书签署日，公司拥有发明专利42项、实用新型专利8项、外观设计专利7项、软件著作权144项；2020年研发投入2,875.70万元，占营业收入5.80%，技术人员161人，占38%。2020年主营业务收入49,128.46万元，占99.06%，其中信息化系统开发建设43,794.50万元，占88.30%。2020年前五大客户收入37,533.13万元，占75.67%，中国电信、湖北广电分别占25.34%、19.59%。",141,85,85,0,4,8,13,20,28,12,40,0.47058823529411764,4,-36,3.1294117647058823,
688038_1210429108_glm4_dewrap_join_chunk_0008,688038,中科通达,1210429108,8,16,results/glm4_dewrap_join_pilot5_20260705/chunks/688038_1210429108_glm4_dewrap_join_chunk_0008.txt,dewrap_join,THUDM/glm-4-9b-chat-hf,4000,5586,5073,3450,3450,16,3450,253,253,"按终端客户口径，发行人公安客户收入占比由2018年的93.91%升至2020年的98.36%，湖北最终用户收入占比由76.61%升至86.85%。公司为公安部门提供公共安全管理信息化服务，硬件设备均外购，不涉及生产制造；采购原材料包括摄像设备、服务器、存储器、杆件、机箱及基础软件、识别算法等。2020年采购额下降，主要因湖北省公安厅智能感知平台和咸宁雪亮工程在2019年大量采购备货。2020年前五名供应商采购额9,562.56万元，占采购总额34.73%，主要供应商包括神州数码、海康威视、大华科技等。",127,76,76,0,3,6,16,24,20,7,27,0.35526315789473684,4,-23,2.960526315789474,
688038_1210429108_glm4_dewrap_join_chunk_0009,688038,中科通达,1210429108,9,16,results/glm4_dewrap_join_pilot5_20260705/chunks/688038_1210429108_glm4_dewrap_join_chunk_0009.txt,dewrap_join,THUDM/glm-4-9b-chat-hf,4000,6100,5291,3942,3942,16,3942,236,236,"截至报告期末，公司固定资产账面价值765.83万元，主要为房屋、运输工具、电子设备和办公设备，并拥有软件产业三期A3栋10层4处办公房产及对应土地使用权；2021年5月，公司以相关房产和土地使用权为不超过1,746.43万元借款提供抵押担保。发行人及子公司租赁多处房屋，主要用于日常经营或员工住宿，除一处出租方为实际控制人之一外，其他出租方无关联关系。公司无形资产包括土地使用权、专利、软件著作权及商标，已获授权专利57项，其中发明专利42项、实用新型8项、外观设计7项。",118,75,75,0,2,2,24,18,23,6,29,0.38666666666666666,3,-26,3.013333333333333,
688038_1210429108_glm4_dewrap_join_chunk_0010,688038,中科通达,1210429108,10,16,results/glm4_dewrap_join_pilot5_20260705/chunks/688038_1210429108_glm4_dewrap_join_chunk_0010.txt,dewrap_join,THUDM/glm-4-9b-chat-hf,4000,6408,5814,3993,3993,16,3993,241,241,"公司曾以前6项发明专利为2,000万元流动资金借款提供质押，借款已于2021年5月16日到期还款，对应专利质押已解除。其中“一种基于覆盖网的道路交通协调系统及方法”为重要技术储备，应用于智能交通综合管控平台交通区域协调模块；但受移动网络稳定性、数据维度和后台计算量等限制，报告期内未大规模推广，仅2017年、2018年相关项目收入分别为368.85万元、119.62万元。公司拥有144项软件著作权，覆盖智能交通管理、卡口控制、道路信号控制、公安综合应用、视频监控和运维管理等系统。",121,78,78,0,2,3,22,25,21,5,26,0.3333333333333333,3,-23,2.9615384615384617,
688038_1210429108_glm4_dewrap_join_chunk_0011,688038,中科通达,1210429108,11,16,results/glm4_dewrap_join_pilot5_20260705/chunks/688038_1210429108_glm4_dewrap_join_chunk_0011.txt,dewrap_join,THUDM/glm-4-9b-chat-hf,4000,6249,5651,3987,3987,16,3987,229,229,发行人及子公司拥有多项软件著作权，覆盖卡口电警抓拍、视频监控预判、综合管控、公安视频关联分析、便民服务、电子警察、道路交通集成指挥、交通预警、数据魔方、数据中台、疫情可视化、交通监测、智能非现场执法等平台。相关著作权登记号集中披露至2021SR0472364、2021SR0465892等，权利人包括发行人、北京中科、安泰泽善。公司还披露多项第9类、第42类、第35类、第39类商标，核定范围涉及交通信号、电子监控、软件设计、SaaS、数据存储和交通信息等。,115,103,103,0,8,4,18,31,42,0,42,0.4077669902912621,3,-39,2.9223300970873787,
688038_1210429108_glm4_dewrap_join_chunk_0012,688038,中科通达,1210429108,12,16,results/glm4_dewrap_join_pilot5_20260705/chunks/688038_1210429108_glm4_dewrap_join_chunk_0012.txt,dewrap_join,THUDM/glm-4-9b-chat-hf,4000,6759,6398,3932,3932,16,3932,290,290,公司持有与主营业务相关的电子与智能化工程专业承包壹级、安防工程设计施工维护壹级、信息系统集成及服务贰级、ITSS运维贰级、CMMI成熟度5级、安全生产许可证、CCRC信息系统安全集成二级等资质。其核心技术包括公安信息化系统集成及软件开发，覆盖传输接入、视频联网、数据处理、系统对接、网络安全和容灾备份。软件开发方面，公司基于微服务架构形成AIF集成框架和分布式消息推送服务，单节点推送量达700/s、延迟20ms内。公司数据中台支持实时和批处理任务、海量数据入库、复杂索引组合及restful服务，视频协转、地图引擎、Docker部署、跨网边界传输和海量小文件处理也用于公安场景。,145,74,74,0,5,21,17,19,10,2,12,0.16216216216216217,4,-8,2.189189189189189,
688038_1210429108_glm4_dewrap_join_chunk_0013,688038,中科通达,1210429108,13,16,results/glm4_dewrap_join_pilot5_20260705/chunks/688038_1210429108_glm4_dewrap_join_chunk_0013.txt,dewrap_join,THUDM/glm-4-9b-chat-hf,4000,7071,6748,3992,3992,16,3992,321,321,公司已开发数据魔方、数据中台和国标视频基础平台，分别支持动态数据可视化在线编辑、多源数据接入清洗治理发布，以及视频设备接入、录像浏览、云台控制、平台级联和C/S、B/S视频API。疫情期间公司按湖北省公安厅指示上线疫情防控大数据交互平台和离鄂通道车辆通行证查控平台，汇聚卫健委、人口及公安数据并提供统计分析。公司截至签署日拥有57项专利，其中42项为发明专利，另有49项专利受理，其中47项为发明专利。核心技术中，大数据处理和挖掘分析、视频编解码及协转、跨网边界传输、海量小文件处理等已取得或正在申请发明专利；微服务集群单节点推送700条/s、延迟20ms内，大数据接入峰值60M/s、具备5TB/天接入能力，视频协转支持约200路并发调阅。,161,82,82,0,3,18,14,25,16,6,22,0.2682926829268293,4,-18,2.6219512195121952,
688038_1210429108_glm4_dewrap_join_chunk_0014,688038,中科通达,1210429108,14,16,results/glm4_dewrap_join_pilot5_20260705/chunks/688038_1210429108_glm4_dewrap_join_chunk_0014.txt,dewrap_join,THUDM/glm-4-9b-chat-hf,4000,7367,7132,3994,3994,16,3994,337,338,公司地图服务引擎集成Leaflet、Mapbox GL、Cesium、ECharts、D3.js和three.js等库，支持MVT矢量瓦片、二三维融合、多源异构空间分析及统一地图样式配置。Docker技术被用于代码提交、编译、打包、发布和生产部署，结合镜像仓库、ansible、swarm及Kubernetes，可在10分钟内部署完整平台、1分钟内完成版本更新或回退，整体效率提升50%以上。跨网边界传输技术面向公安单向网络，采用TCP长连接及信令、数据分离协议，单节点无限制网络下文件传输效率达10M/s。海量小文件处理技术通过FTS、消息解耦、多级索引和热数据缓存，将处理延时控制在100ms以内，管理节点内存占用降低90%以上，小文件请求平均响应时长降低30%-40%。,169,79,79,0,2,20,13,23,15,6,21,0.26582278481012656,4,-17,2.5949367088607596,
688038_1210429108_glm4_dewrap_join_chunk_0015,688038,中科通达,1210429108,15,16,results/glm4_dewrap_join_pilot5_20260705/chunks/688038_1210429108_glm4_dewrap_join_chunk_0015.txt,dewrap_join,THUDM/glm-4-9b-chat-hf,4000,6668,6223,3971,3971,16,3971,335,336,"公司核心技术包括微服务及分布式集群、大数据处理和挖掘分析、视频编解码及协转、可视化数据建模、地图服务引擎、Docker容器、跨网边界传输和海量小文件处理，其中跨网边界传输和海量小文件处理为公司自有技术。报告期内核心技术产品收入分别为26,453.32万元、43,712.23万元和49,128.46万元，占营业收入99.18%、98.69%和99.06%。公司通过CMMI 5级认证，截至签署日拥有57项专利、42项发明专利和144项软件著作权，并设有国家级博士后科研工作站等科研平台。其在研项目包括物联感知大数据实战平台、人员关系图谱分析系统、智能非现场违法处理平台、公安智搜平台、一体化技战法智能研判系统、公安大数据服务中台和国标视频监控平台，多个项目标注为国内领先。",168,91,91,0,4,12,17,31,19,8,27,0.2967032967032967,4,-23,2.802197802197802,
688038_1210429108_glm4_dewrap_join_chunk_0016,688038,中科通达,1210429108,16,16,results/glm4_dewrap_join_pilot5_20260705/chunks/688038_1210429108_glm4_dewrap_join_chunk_0016.txt,dewrap_join,THUDM/glm-4-9b-chat-hf,4000,3762,3548,2119,2119,16,2119,359,359,"公司自研“数据魔方”基于应用集成框架制定第三方应用接入标准，可与任意第三方业务应用实时互动，并配套行业数据中台、数据智能算法实现动态数据可视化在线编辑发布。报告期研发投入分别为1,783.71万元、2,652.87万元、2,875.70万元，占营业收入6.69%、5.99%、5.80%；截至2020年末技术人员161人，占员工38%，专职研发人员122人，占29%。公司核心技术人员7人，蔡青参与近20项国家科研项目，并为公司18项专利发明参与人；唐志斌、罗伦文、蒋远发、谭军胜、黎祖勋、任明分别参与或作为第一发明人取得多项交管、数据处理、文件传输、视频流管理等发明或实用新型专利。公司与核心技术人员签署竞业禁止协议，并通过员工持股平台实施股权激励，7名核心技术人员间接持股合计241万股；报告期核心技术人员无变动。",180,54,54,0,2,8,10,9,17,8,25,0.46296296296296297,4,-21,3.0185185185185186,
688172_1215333346_glm4_dewrap_join_chunk_0001,688172,燕东微,1215333346,1,13,results/glm4_dewrap_join_pilot5_20260705/chunks/688172_1215333346_glm4_dewrap_join_chunk_0001.txt,dewrap_join,THUDM/glm-4-9b-chat-hf,4000,6637,6214,3993,3993,13,3993,285,285,燕东微主营产品与方案、制造与服务两类业务，覆盖分立器件及模拟集成电路、特种集成电路及器件，以及晶圆制造和封装测试服务，主要面向消费电子、电力电子、新能源和特种应用。公司承担16项国家级及省部级科研或技改项目，参与5项国家及行业标准制定，连续六年获“中国半导体功率器件十强企业”。数字三极管、ECM前置放大器年出货量均超20亿只，浪涌保护器件年出货量超55亿只、最低电容0.2pF，射频器件覆盖20V-100V平台、年出货量超4000万只。公司6英寸、8英寸晶圆月产能分别为6.5万片和4.5万片，8英寸线覆盖90nm及以上节点，并已启动65nm特色工艺12英寸产线建设。,143,74,74,0,8,18,17,16,12,3,15,0.20270270270270271,4,-11,2.2027027027027026,
688172_1215333346_glm4_dewrap_join_chunk_0002,688172,燕东微,1215333346,2,13,results/glm4_dewrap_join_pilot5_20260705/chunks/688172_1215333346_glm4_dewrap_join_chunk_0002.txt,dewrap_join,THUDM/glm-4-9b-chat-hf,4000,6878,6524,3997,3997,13,3997,319,319,公司特种模拟集成电路包括单片集成稳压电路、基准电压源器件、运算放大器和PWM等数百款型号，其中单片集成稳压电路为核心模拟产品，最小压差0.3V。特种混合集成电路覆盖三相桥驱动器、H桥驱动器、有源滤波器及定制电路，公司具备薄膜电阻与导带制备、多芯片组装、粗细丝键合和全密封封装能力。制造与服务板块提供开放式晶圆制造和封装测试，8英寸线截至2022年6月产能4.5万片/月，覆盖90nm及以上工艺节点并建设MOSFET、IGBT、CMOS、BCD、MEMS等平台。6英寸线产能6.5万片/月，提供0.35μm及以上特色晶圆制造服务；封测线可提供QFN、DFN等封装测试服务，并掌握0.19*0.19mm超小芯片粘片和300μm超薄封装等技术。,160,89,89,0,5,22,25,19,15,3,18,0.20224719101123595,4,-14,2.292134831460674,
688172_1215333346_glm4_dewrap_join_chunk_0003,688172,燕东微,1215333346,3,13,results/glm4_dewrap_join_pilot5_20260705/chunks/688172_1215333346_glm4_dewrap_join_chunk_0003.txt,dewrap_join,THUDM/glm-4-9b-chat-hf,4000,6773,6390,3902,3902,13,3902,263,263,公司封装测试采用委托外协封测厂模式，将自有设备安装在外协厂房并派驻技术及管理人员指导，由外协厂负责日常运营。公司自2004年起研发并规模化生产特色封装制程，形成SOD/SOT、DFN、QFN等封装线，因场地及成本因素将相关产线迁至扬州外协厂。现有封测技术来源于公司自身，掌握0.19*0.19mm超小芯片高速粘片、超低线弧键合、300μm超薄封装、高密度焊线、多芯片粘片和多层线弧控制等技术，截至2022年6月30日拥有封装测试相关专利16项。报告期内公司销售以直销为主，2019年至2022年上半年直销收入占比均超过98%。,132,96,96,0,14,38,22,13,7,2,9,0.09375,4,-5,1.65625,
688172_1215333346_glm4_dewrap_join_chunk_0004,688172,燕东微,1215333346,4,13,results/glm4_dewrap_join_pilot5_20260705/chunks/688172_1215333346_glm4_dewrap_join_chunk_0004.txt,dewrap_join,THUDM/glm-4-9b-chat-hf,4000,6986,6428,3962,3962,13,3962,216,216,国家和北京市集成电路产业政策与公司分立器件及模拟集成电路、特种集成电路及器件、晶圆制造和封装测试业务相关，其中燕东科技、锐达芯符合部分税收优惠政策但报告期内因应纳税所得额为0未实际享受。北京市产业政策支持集成电路设计、制造、装备和材料协同发展，发行人分别于2018年和2021年启动8英寸及12英寸集成电路生产线建设。公司所处半导体产业链包括芯片设计、晶圆制造、封装测试及材料设备支撑环节，行业具有资金与技术密集、专业分工细化特征。,108,82,82,0,11,56,7,5,3,0,3,0.036585365853658534,3,0,1.1829268292682926,
688172_1215333346_glm4_dewrap_join_chunk_0005,688172,燕东微,1215333346,5,13,results/glm4_dewrap_join_pilot5_20260705/chunks/688172_1215333346_glm4_dewrap_join_chunk_0005.txt,dewrap_join,THUDM/glm-4-9b-chat-hf,4000,7008,6527,3988,3988,13,3988,248,248,公司所处的分立器件、功率半导体、数字三极管、ECM前置放大器、浪涌保护器件、射频功率器件和特种集成电路及器件领域，均与其产品与方案业务相关。公开资料列示的国内市场参与者中，数字三极管包括燕东微、日本Phenitec、杭州友旺等，ECM前置放大器主要供应商包括燕东微、韩国RFsemi等，TVS主要厂商包括安世、英飞凌、韦尔、乐山无线电、燕东微等。公司产品与方案业务聚焦分立器件及模拟集成电路、特种集成电路及器件，连续六年获“中国半导体功率器件十强企业”，ECM前置放大器技术实力处于国内领先水平。,124,80,80,0,5,53,13,5,3,1,4,0.05,3,-1,1.3875,
688172_1215333346_glm4_dewrap_join_chunk_0006,688172,燕东微,1215333346,6,13,results/glm4_dewrap_join_pilot5_20260705/chunks/688172_1215333346_glm4_dewrap_join_chunk_0006.txt,dewrap_join,THUDM/glm-4-9b-chat-hf,4000,6837,6359,3979,3979,13,3979,224,225,公司在ECM前置放大器、TVS、射频功率器件、模拟集成电路、数字三极管及特种集成电路领域披露多项核心产品和指标。2019年至2021年ECM前置放大器年均出货量超20亿只，TVS产品2021年全球市场份额约1.03%，对讲机用射频LDMOS 2020年市场占有率超过20%，数字三极管晶圆国内市场份额在30%以上。公司6英寸晶圆产能2022年6月达6.5万片/月，8英寸线2021年12月月产突破5万片，并通过ISO9001、IATF16949认证。,112,64,64,0,3,10,12,15,18,6,24,0.375,3,-21,2.828125,
688172_1215333346_glm4_dewrap_join_chunk_0007,688172,燕东微,1215333346,7,13,results/glm4_dewrap_join_pilot5_20260705/chunks/688172_1215333346_glm4_dewrap_join_chunk_0007.txt,dewrap_join,THUDM/glm-4-9b-chat-hf,4000,6700,6034,3950,3950,13,3950,243,243,发行人集芯片设计、晶圆制造和封装测试于一体，2021年营业收入20.35亿元，2022年1-6月营业收入11.56亿元，数字三极管晶圆国内份额在30%以上、对讲机用射频LDMOS国内份额在20%以上、TVS全球份额约1.03%。截至2022年6月30日，公司拥有授权专利280项，其中发明专利55项，2021年研发投入1.62亿元，占营业收入7.98%。公司6英寸晶圆产能6.5万片/月、8英寸晶圆产能4.5万片/月，6英寸SiC线进入小批量试产，并启动65nm节点12英寸生产线建设。,122,71,71,0,8,18,12,15,14,4,18,0.2535211267605634,3,-15,2.295774647887324,
688172_1215333346_glm4_dewrap_join_chunk_0008,688172,燕东微,1215333346,8,13,results/glm4_dewrap_join_pilot5_20260705/chunks/688172_1215333346_glm4_dewrap_join_chunk_0008.txt,dewrap_join,THUDM/glm-4-9b-chat-hf,4000,6170,5462,3992,3992,13,3992,260,260,"报告期内，公司产品与方案板块2021年产量135.24亿只、销量143.74亿只，晶圆制造2021年产量86.91万片、销量82.03万片，封测服务2021年产量113,509.31万只、销量111,814.33万只。2021年6英寸、8英寸晶圆生产线产能利用率分别为98.08%、89.11%，封测生产线为88.49%。产品与方案板块收入以特种应用为主，2021年占比72.66%；制造与服务板块以消费电子为主，2021年占比75.13%；前五大客户销售占比由2019年45.60%降至2022年1-6月39.09%。",130,58,58,0,6,6,7,13,20,6,26,0.4482758620689655,3,-23,2.913793103448276,
688172_1215333346_glm4_dewrap_join_chunk_0009,688172,燕东微,1215333346,9,13,results/glm4_dewrap_join_pilot5_20260705/chunks/688172_1215333346_glm4_dewrap_join_chunk_0009.txt,dewrap_join,THUDM/glm-4-9b-chat-hf,4000,5612,4767,3863,3863,13,3863,220,220,"公司与主要客户长期合作，北京电控相关销售均已实现对外销售或自用。报告期内主要原材料包括6英寸及8英寸硅片、芯片、委外封测服务和外壳，2021年采购金额分别为12,956.30万元、17,976.18万元、芯片合计16,029.26万元、委外封测17,026.13万元、外壳18,284.25万元。材料前五大供应商采购占比2019年至2022年1-6月分别为46.12%、56.89%、54.50%和58.91%，主要供应商及采购内容较稳定。",110,63,63,0,5,12,15,14,14,3,17,0.2698412698412698,3,-14,2.4603174603174605,
688172_1215333346_glm4_dewrap_join_chunk_0010,688172,燕东微,1215333346,10,13,results/glm4_dewrap_join_pilot5_20260705/chunks/688172_1215333346_glm4_dewrap_join_chunk_0010.txt,dewrap_join,THUDM/glm-4-9b-chat-hf,4000,5610,4956,3411,3411,13,3411,235,235,"发行人京朝国用（2011出）第00279号土地上未取得权属证书房屋面积10,068.00平方米，占房屋总使用面积207,289.10平方米的4.86%，已不作为生产用房，账面价值911.49万元，占2022年6月末资产总额0.07%。相关房屋已取得规划许可或有效证明，政府部门未对发行人作出处罚，控股股东北京电控承诺承担可能损失。截至2022年6月30日，公司拥有专利280项，其中发明专利55项；共有专利形成收入占比最高0.41%，继受专利形成收入占比最高0.53%。",118,59,59,0,7,10,18,12,10,2,12,0.2033898305084746,3,-9,2.23728813559322,
688172_1215333346_glm4_dewrap_join_chunk_0011,688172,燕东微,1215333346,11,13,results/glm4_dewrap_join_pilot5_20260705/chunks/688172_1215333346_glm4_dewrap_join_chunk_0011.txt,dewrap_join,THUDM/glm-4-9b-chat-hf,4000,6399,5280,3934,3934,13,3934,231,231,截至2022年6月30日，发行人及子公司拥有多项软件著作权、12项域名、33项集成电路布图设计及多类经营资质认证，其中2项继受取得的软件著作权不属于核心技术且未再创新。发行人被授权使用SilTerra的C13HV、C16HV、BCD5V~60V三个工艺平台及相关8英寸线建设运营支持，并借鉴该授权完成8英寸线建设、通线量产及功率器件、BCD工艺平台搭建。公司还取得高新技术企业、质量管理、环境管理、知识产权管理、职业健康安全等资质，生产经营所需许可备案总体具备。,116,83,83,0,6,21,33,18,5,0,5,0.060240963855421686,3,-2,1.9397590361445782,
688172_1215333346_glm4_dewrap_join_chunk_0012,688172,燕东微,1215333346,12,13,results/glm4_dewrap_join_pilot5_20260705/chunks/688172_1215333346_glm4_dewrap_join_chunk_0012.txt,dewrap_join,THUDM/glm-4-9b-chat-hf,4000,6174,5473,3936,3936,13,3936,293,294,发行人核心技术覆盖分立器件及模拟集成电路、特种集成电路及器件、晶圆制造服务等板块，射频功率VDMOS、LDMOS、浪涌保护电路、光电耦合器、CMOS逻辑电路、特种薄膜集成电路及陶瓷金属外壳封装等技术均配有专利或专有技术支撑。制造端形成沟槽栅MOS、平面栅MOS、沟槽栅IGBT、SiC SBD/MOSFET、高密度硅基BCD、MEMS等工艺平台，其中MEMS工艺技术已授权专利73项，部分功率器件工艺分别拥有9至15项授权专利。报告期核心技术产品或服务收入占主营业务收入比例由2019年的70.95%升至2022年1-6月的98.31%，公司连续六年获“中国半导体功率器件十强企业”称号。,147,68,68,0,3,6,11,18,22,8,30,0.4411764705882353,3,-27,3.088235294117647,
688172_1215333346_glm4_dewrap_join_chunk_0013,688172,燕东微,1215333346,13,13,results/glm4_dewrap_join_pilot5_20260705/chunks/688172_1215333346_glm4_dewrap_join_chunk_0013.txt,dewrap_join,THUDM/glm-4-9b-chat-hf,4000,6164,5649,3736,3736,13,3736,319,319,"截至2022年6月30日，公司参与制定半导体芯片制造、硅基MEMS制造和光电耦合器低频噪声参数测试等国家或行业标准，体现其在相关制造和产品领域的行业地位。公司在研项目包括6英寸SiC芯片、8英寸MEMS麦克风、IGBT升级、中高压模拟开关、超高压BCD、热成像、硅光、磁耦合数字隔离器、硅高频功率MOS和光电线性隔离放大器等，总预算4,682万元。报告期研发投入分别为9,549.11万元、18,491.73万元、16,239.05万元和7,872.59万元，占营业收入比例为9.17%、17.94%、7.98%和6.81%。截至2022年6月30日，燕东微研发及技术人员379人，占员工总数20.65%，核心技术人员4人，报告期内稳定。",160,85,85,0,2,22,25,22,11,3,14,0.16470588235294117,4,-10,2.3176470588235296,
688693_1217524556_glm4_dewrap_join_chunk_0001,688693,锴威特,1217524556,1,13,results/glm4_dewrap_join_pilot5_20260705/chunks/688693_1217524556_glm4_dewrap_join_chunk_0001.txt,dewrap_join,THUDM/glm-4-9b-chat-hf,4000,6344,5861,3782,3782,13,3782,322,329,公司主营功率半导体设计、研发和销售，产品包括功率器件、功率IC及技术服务，平面MOSFET覆盖40V-1500V、近500款规格，FRMOS约60款，反向恢复电荷Qrr＜0.2uC、Trr＜100ns。公司为高新技术企业、专精特新“小巨人”，截至2023年7月13日积累10项核心技术、71项授权专利和53项布图设计权。功率IC基于0.5um 600V SOI BCD、0.18um 40V BCD等工艺形成80余款产品，PWM控制IC工作电压13V-120V，栅极驱动IC工作电压20V-600V、驱动电流最高10A。公司SiC MOSFET覆盖650V-1700V，SiC SBD覆盖650V-1200V，2020年全球MOSFET市场份额约0.23%。,161,88,88,0,7,14,22,26,15,4,19,0.2159090909090909,4,-15,2.4545454545454546,
688693_1217524556_glm4_dewrap_join_chunk_0002,688693,锴威特,1217524556,2,13,results/glm4_dewrap_join_pilot5_20260705/chunks/688693_1217524556_glm4_dewrap_join_chunk_0002.txt,dewrap_join,THUDM/glm-4-9b-chat-hf,4000,6749,6447,3990,3990,13,3990,290,290,"报告期内公司主营收入分别为13,383.49万元、20,318.15万元和22,705.64万元，功率器件收入占比分别为90.65%、87.51%和63.33%，功率IC收入占比由2.41%升至25.07%。公司采用Fabless模式，将晶圆制造、封装和测试委外，已与西安微晶微、汉磊科技、华天科技、泰州海天等形成长期合作。2021年公司以7,377.06万元含税设备投入西安微晶微扩产，约定扩产后取得不低于18,000片/月晶圆代工产能保障，并按公司订单收取20元/片设备使用费。销售以直销为主，2020年至2022年直销收入占比分别为97.84%、90.19%和91.41%。",145,96,96,0,5,18,29,27,14,3,17,0.17708333333333334,4,-13,2.375,
688693_1217524556_glm4_dewrap_join_chunk_0003,688693,锴威特,1217524556,3,13,results/glm4_dewrap_join_pilot5_20260705/chunks/688693_1217524556_glm4_dewrap_join_chunk_0003.txt,dewrap_join,THUDM/glm-4-9b-chat-hf,4000,6994,6469,3949,3949,13,3949,248,248,"报告期内公司营业收入分别为13,698.04万元、20,972.89万元和23,538.19万元，2020年至2022年年均复合增长率为31.09%，功率IC收入占比逐年提高。公司采用Fabless模式，负责芯片设计、研发和销售，将晶圆加工、封装和测试委外，并把GDS文件、掩膜版及工艺信息文档交由晶圆代工厂按公司工艺要求制造。公司核心技术覆盖器件元胞结构、终端结构、工艺流程优化和材料选择，已积累“高压MOSFET的少子寿命控制及工艺实现技术”“新型复合终端结构及实现工艺技术”等核心工艺技术。",124,78,78,0,4,47,13,9,4,1,5,0.0641025641025641,3,-2,1.5512820512820513,
688693_1217524556_glm4_dewrap_join_chunk_0004,688693,锴威特,1217524556,4,13,results/glm4_dewrap_join_pilot5_20260705/chunks/688693_1217524556_glm4_dewrap_join_chunk_0004.txt,dewrap_join,THUDM/glm-4-9b-chat-hf,4000,6500,5930,3928,3928,13,3928,268,268,发行人专注平面MOSFET并向沟槽型、超结MOSFET延伸，主要产品MOSFET开关功耗低、开关速度快，适用于高频应用场景，技术门槛和可靠性要求较高。根据芯谋研究，2021年中国平面MOSFET市场规模约20.8亿美元，预计2025年增至30.2亿美元；高压平面MOSFET国产化率约29.9%，超高压平面MOSFET约18.2%。发行人PWM控制IC和栅极驱动IC分别用于开关电源及电机驱动系统，高可靠领域功率IC客户更重视资质、研发实力、质量体系和稳定供货。公司专注于平面MOSFET，功率IC产品覆盖PWM控制IC和栅极驱动IC。,134,104,104,0,5,69,16,8,5,1,6,0.057692307692307696,4,-2,1.4423076923076923,
688693_1217524556_glm4_dewrap_join_chunk_0005,688693,锴威特,1217524556,5,13,results/glm4_dewrap_join_pilot5_20260705/chunks/688693_1217524556_glm4_dewrap_join_chunk_0005.txt,dewrap_join,THUDM/glm-4-9b-chat-hf,4000,7014,6502,3980,3980,13,3980,302,304,发行人产品覆盖消费电子、工业控制、汽车电子和高可靠领域，凭借晶丰明源、必易微、芯朋微、灿瑞科技等客户及小米、美的等终端采用，在细分领域形成市场竞争力。按2020年MOSFET销售额测算，公司全球MOSFET市场份额约0.23%；按2021年数据测算，平面MOSFET国内市场占有率约1.26%。江苏省半导体行业协会统计，2021年公司FRMOS市场份额位列本土企业第四位；公司具备650V-1700V SiC MOSFET设计能力。公司1500V超高压MOSFET产品CS4N150获2017年度中国半导体创新产品和技术奖，超高压平面MOSFET最高耐压达1700V，功率IC已向多家高可靠领域客户形成销售。,151,82,82,0,3,51,12,8,5,3,8,0.0975609756097561,4,-4,1.6341463414634145,
688693_1217524556_glm4_dewrap_join_chunk_0006,688693,锴威特,1217524556,6,13,results/glm4_dewrap_join_pilot5_20260705/chunks/688693_1217524556_glm4_dewrap_join_chunk_0006.txt,dewrap_join,THUDM/glm-4-9b-chat-hf,4000,6411,6020,3703,3703,13,3703,242,242,发行人功率器件竞争对手包括英飞凌、安森美、东芝、意法半导体、瑞萨、力特及华润微、士兰微、新洁能等，功率IC主要对标德州仪器、安森美和瑞萨。发行人技术水平集中体现于功率半导体芯片设计研发及与晶圆代工工艺协同，部分功率器件、功率IC性能已达国外竞品同等水平。其平面MOSFET覆盖40V-1500V，相关复合终端工艺经鉴定整体达国际先进，高温老化击穿电压跌落5V以内、150℃漏电流低于10uA；FRMOS反向恢复时间小于100ns、最小50ns，并已进入消费电子、工业控制和高可靠客户。,121,72,72,0,4,28,13,13,11,3,14,0.19444444444444445,3,-11,2.111111111111111,
688693_1217524556_glm4_dewrap_join_chunk_0007,688693,锴威特,1217524556,7,13,results/glm4_dewrap_join_pilot5_20260705/chunks/688693_1217524556_glm4_dewrap_join_chunk_0007.txt,dewrap_join,THUDM/glm-4-9b-chat-hf,4000,5584,4900,3767,3767,13,3767,288,289,发行人多款平面MOSFET、FRMOS、沟槽型MOSFET、超结MOSFET和SiC MOSFET与安森美、Littelfuse、华润微、士兰微、英飞凌、意法半导体等产品进行同耐压或相近参数对比。CS3N150F在1500V耐压下漏电流为1uA，可靠性优于全部对标产品；CSFR45N50FW在500V耐压下导通电阻0.1ohm、反向恢复时间95ns，优于主要竞品。C2M065W030在650V耐压下额定电流100A，阈值电压和额定电流优于安森美、上海瞻芯；总体看，发行人平面MOSFET和FRMOS关键参数达到或部分优于行业先进水平，沟槽型、超结和SiC产品与竞争对手相近。,144,47,47,0,7,8,4,8,17,3,20,0.425531914893617,3,-17,2.617021276595745,
688693_1217524556_glm4_dewrap_join_chunk_0008,688693,锴威特,1217524556,8,13,results/glm4_dewrap_join_pilot5_20260705/chunks/688693_1217524556_glm4_dewrap_join_chunk_0008.txt,dewrap_join,THUDM/glm-4-9b-chat-hf,4000,6187,5352,3891,3891,13,3891,282,282,"发行人PWM控制IC对标德州仪器，CSV35035CQ、CSV35025TN、CSV35022M的工作温度范围均为-55℃至125℃，静态电流较低，CSV35022M最大工作电压达1000V、开关频率120KHz。栅极驱动IC对标瑞萨、安森美，CSV52103N最大工作电压2000V、开关频率180KHz，耐压、温度范围和静态电流优于或持平竞品。发行人采用Fabless模式，2022年功率器件收入14,379.26万元、市场份额0.12%，功率IC收入5,692.38万元；截至2023年7月13日拥有专利71项，其中发明专利28项，研发人员占比42.11%。",141,39,39,0,5,5,5,8,13,3,16,0.41025641025641024,3,-13,2.717948717948718,
688693_1217524556_glm4_dewrap_join_chunk_0009,688693,锴威特,1217524556,9,13,results/glm4_dewrap_join_pilot5_20260705/chunks/688693_1217524556_glm4_dewrap_join_chunk_0009.txt,dewrap_join,THUDM/glm-4-9b-chat-hf,4000,6794,6221,3905,3905,13,3905,358,360,"发行人功率IC包括PWM控制IC和栅极驱动IC，主要应用于高可靠领域，2022年功率IC收入5,692.38万元，销售封装成品937.33万颗；PWM控制IC支持13V-120V、1MHz以上开关频率，栅极驱动IC支持20V-600V、最高10A驱动电流。公司获国家高新技术企业、专精特新“小巨人”等资质，截至2023年7月13日积累10项核心技术、71项授权专利和53项集成电路布图设计专有权。公司拥有平面MOSFET、功率IC等700余款产品，平面MOSFET覆盖40V-1500V并有近500款规格，已推出650V-1700V SiC MOSFET，形成80余款功率IC。2022年主营业务收入22,705.64万元，其中功率器件占63.33%、功率IC占25.07%，功率IC占比由2021年5.76%快速提升。",179,67,67,0,4,17,10,14,17,5,22,0.3283582089552239,4,-18,2.5671641791044775,
688693_1217524556_glm4_dewrap_join_chunk_0010,688693,锴威特,1217524556,10,13,results/glm4_dewrap_join_pilot5_20260705/chunks/688693_1217524556_glm4_dewrap_join_chunk_0010.txt,dewrap_join,THUDM/glm-4-9b-chat-hf,4000,5907,5243,3895,3895,13,3895,381,381,"报告期内发行人主要以中测后晶圆和封装成品销售功率器件、以封装成品销售功率IC，2022年功率器件中测后晶圆销量12.80万片、产销率70.11%，封装成品销量4,967.27万颗、产销率94.26%，功率IC封装成品销量937.33万颗、产销率81.64%。2022年主营业务收入中，中测后晶圆10,489.63万元、占46.20%，封装成品6,419.31万元、占28.27%，直销收入占91.41%。按应用领域看，2022年消费电子收入10,561.22万元、占46.51%，高可靠收入8,707.96万元、占38.35%，工业控制收入3,436.46万元、占15.13%。前五大客户收入占比由2020年35.28%升至2022年41.31%，单一客户和前五大客户收入均未超过50%；发行人采用Fabless模式，主要采购外延片、晶圆、封装测试服务和掩膜版。",191,54,54,0,5,7,5,14,18,5,23,0.42592592592592593,4,-19,2.888888888888889,
688693_1217524556_glm4_dewrap_join_chunk_0011,688693,锴威特,1217524556,11,13,results/glm4_dewrap_join_pilot5_20260705/chunks/688693_1217524556_glm4_dewrap_join_chunk_0011.txt,dewrap_join,THUDM/glm-4-9b-chat-hf,4000,6112,5530,3967,3967,13,3967,264,264,"报告期内公司主要采购晶圆、外延片、晶圆代工及封装测试服务，采购总额由2020年的12,059.07万元增至2022年的18,431.70万元；2021年起与西安微晶微由直接委外转为带料委外，使外延片和晶圆代工服务采购增加。2022年前五大供应商采购额14,762.45万元，占80.09%，主要供应商包括西安微晶微、中国电子科技集团下属企业、上海汉磊等，报告期前五大供应商集中度分别为91.41%、76.55%、80.09%。截至2022年末公司固定资产账面价值10,771.29万元，机器设备主要为投放于西安微晶微的扩产设备。",132,64,64,0,8,6,16,19,13,2,15,0.234375,3,-12,2.453125,
688693_1217524556_glm4_dewrap_join_chunk_0012,688693,锴威特,1217524556,12,13,results/glm4_dewrap_join_pilot5_20260705/chunks/688693_1217524556_glm4_dewrap_join_chunk_0012.txt,dewrap_join,THUDM/glm-4-9b-chat-hf,4000,6517,5904,3902,3902,13,3902,307,312,"截至2023年7月13日，公司及子公司拥有已取证专利71项、集成电路布图设计专有权53项，并取得ISO 9001、ISO 14001认证。发行人核心技术覆盖FRMOS、平面MOSFET、SiC MOSFET、功率IC等，部分技术达到国际先进或国内领先水平，其中短沟道SiC MOSFET技术对应2项已授权发明专利，SOI BCD功率IC设计平台已授权2项发明专利、20项发明专利在审，并开发近20款功率IC中产品。报告期核心技术产品收入分别为13,144.90万元、19,590.75万元、21,799.58万元，占营业收入95.96%、93.41%、92.61%；2022年研发费用2,271.95万元，占收入9.65%。",154,61,61,0,5,4,9,18,18,7,25,0.4098360655737705,3,-22,3.0,
688693_1217524556_glm4_dewrap_join_chunk_0013,688693,锴威特,1217524556,13,13,results/glm4_dewrap_join_pilot5_20260705/chunks/688693_1217524556_glm4_dewrap_join_chunk_0013.txt,dewrap_join,THUDM/glm-4-9b-chat-hf,4000,5753,5124,3692,3692,13,3692,314,315,"公司核心技术人员丁国华、罗寅、谭在超、张胜覆盖功率器件和功率IC研发，相关人员拥有多项授权发明专利、实用新型专利和布图设计成果，并参与SiC MOSFET、FRMOS、高压MOSFET等产品研发。公司截至2022年末在研项目包括平面MOSFET、SiC基MOS管、沟槽型MOSFET、超结MOSFET及多类驱动和控制芯片，其中SiC基MOS管项目预算1,800万元，Ronsp目标低至4.0mΩ.cm2以下，超结MOSFET项目650V产品Ronsp目标由20mΩ.cm2降至11mΩ.cm2。公司已建立硅基器件、第三代半导体器件、功率IC和光电转换芯片等技术储备，近三年研发投入5,546.77万元，研发人员由25人增至40人。",157,67,67,0,4,7,12,20,19,5,24,0.3582089552238806,3,-21,2.8656716417910446,
